scheme_name,Scheme Codes,expense_ratio,risk_level,returns_1yr,returns_3yr,returns_5yr,Sub_Category,NAV,fund_description,embedding_index
Aditya Birla SL Active Debt Multi-Mgr FoF-Dir Growth,100033,0.27,0.2,4.0,6.5,6.9,FoFs Domestic,791.51,Aditya Birla SL Active Debt Multi-Mgr FoF-Dir Growth - FoFs Domestic,0
Aditya Birla SL Arbitrage Fund,100034,0.36,0.0,5.6,4.8,5.5,Arbitrage Mutual Funds,122.76,Aditya Birla SL Arbitrage Fund - Arbitrage Mutual Funds,1
Aditya Birla SL Asset Allocator FoF-Dir Growth,100037,0.53,0.4,2.0,18.9,9.7,FoFs Domestic,13.3546,Aditya Birla SL Asset Allocator FoF-Dir Growth - FoFs Domestic,2
Aditya Birla SL Balanced Advantage Fund,100038,0.61,0.5,4.5,18.6,9.7,Dynamic Asset Allocation or Balanced Advantage,121.6639,Aditya Birla SL Balanced Advantage Fund - Dynamic Asset Allocation or Balanced Advantage,3
Aditya Birla SL Banking&Financial Services-DirGrowth,100041,1.17,0.5,5.3,24.6,9.2,Sectoral / Thematic Mutual Funds,108.023,Aditya Birla SL Banking&Financial Services-DirGrowth - Sectoral / Thematic Mutual Funds,4
Aditya Birla SL Banking&PSU Debt Fund,100042,0.37,0.2,4.5,6.8,7.3,Banking and PSU Mutual Funds,667.8672,Aditya Birla SL Banking&PSU Debt Fund - Banking and PSU Mutual Funds,5
Aditya Birla SL Corporate Bond Fund,100043,0.31,0.1,4.9,7.1,7.4,Corporate Bond Mutual Funds,685.3699,Aditya Birla SL Corporate Bond Fund - Corporate Bond Mutual Funds,6
Aditya Birla SL Credit Risk Fund,100044,0.69,0.3,8.7,9.0,7.2,Credit Risk Funds,163.694,Aditya Birla SL Credit Risk Fund - Credit Risk Funds,7
Aditya Birla SL Digital India Fund,100046,0.88,0.5,-14.6,39.8,21.1,Sectoral / Thematic Mutual Funds,100.195,Aditya Birla SL Digital India Fund - Sectoral / Thematic Mutual Funds,8
Aditya Birla SL Dividend Yield Fund,100047,1.73,0.5,6.2,30.5,10.0,Dividend Yield Funds,411.5543,Aditya Birla SL Dividend Yield Fund - Dividend Yield Funds,9
Aditya Birla SL Dynamic Bond Fund,100048,0.64,0.2,7.5,8.0,6.0,Dynamic Bond,108.3254,Aditya Birla SL Dynamic Bond Fund - Dynamic Bond,10
Aditya Birla SL Equity Advantage Fund,100049,1.14,0.5,-9.9,22.3,7.9,Large & Mid Cap Funds,10.821,Aditya Birla SL Equity Advantage Fund - Large & Mid Cap Funds,11
Aditya Birla SL Equity Hybrid ’95 Fund,100051,1.01,0.5,-5.7,20.4,7.7,Aggressive Hybrid Mutual Funds,100.3328,Aditya Birla SL Equity Hybrid ’95 Fund - Aggressive Hybrid Mutual Funds,12
Aditya Birla SL Equity Savings Fund,100052,1.21,0.3,0.8,11.7,6.9,Equity Savings Mutual Funds,10.0,Aditya Birla SL Equity Savings Fund - Equity Savings Mutual Funds,13
Aditya Birla SL Flexi Cap Fund,100053,0.86,0.5,-2.1,25.0,10.4,Flexi Cap Funds,10.0,Aditya Birla SL Flexi Cap Fund - Flexi Cap Funds,14
Aditya Birla SL Floating Rate Fund,100054,0.23,0.1,5.8,6.4,6.8,Floater Mutual Funds,10.8119,Aditya Birla SL Floating Rate Fund - Floater Mutual Funds,15
Aditya Birla SL Focused Equity Fund,100055,1.06,0.5,-0.7,24.0,10.7,Focused Funds,32.2187,Aditya Birla SL Focused Equity Fund - Focused Funds,16
Aditya Birla SL FP FoF – Aggressive – Direct Growth,100056,0.22,0.5,2.5,21.7,10.7,FoFs Domestic,10.8838,Aditya Birla SL FP FoF – Aggressive – Direct Growth - FoFs Domestic,17
Aditya Birla SL FP FoF – Conservative – Direct Growth,100057,0.34,0.3,4.7,13.3,8.2,FoFs Domestic,11.3383,Aditya Birla SL FP FoF – Conservative – Direct Growth - FoFs Domestic,18
Aditya Birla SL FP FoF – Moderate – Direct Growth,100058,0.36,0.4,3.7,17.3,9.4,FoFs Domestic,78.7772,Aditya Birla SL FP FoF – Moderate – Direct Growth - FoFs Domestic,19
Aditya Birla SL Frontline Equity Fund,100059,1.03,0.5,1.6,26.3,10.6,Large Cap Mutual Funds,5.0,Aditya Birla SL Frontline Equity Fund - Large Cap Mutual Funds,20
Aditya Birla SL Gold Fund,100060,0.15,0.4,11.8,12.1,13.2,FoFs Domestic,11.612,Aditya Birla SL Gold Fund - FoFs Domestic,21
Aditya Birla SL Govt Securities Fund,100061,0.29,0.2,3.6,6.0,8.0,Gilt Mutual Funds,48.7047,Aditya Birla SL Govt Securities Fund - Gilt Mutual Funds,22
Aditya Birla SL Income Fund,100062,0.49,0.2,3.5,7.1,7.7,Medium to Long Duration Funds,23.7552,Aditya Birla SL Income Fund - Medium to Long Duration Funds,23
Aditya Birla SL India GenNext Fund,100063,0.82,0.5,4.6,25.0,13.3,Sectoral / Thematic Mutual Funds,205.19,Aditya Birla SL India GenNext Fund - Sectoral / Thematic Mutual Funds,24
Aditya Birla SL Infrastructure Fund,100064,1.7,0.5,13.5,35.6,9.2,Sectoral / Thematic Mutual Funds,1188.04,Aditya Birla SL Infrastructure Fund - Sectoral / Thematic Mutual Funds,25
Aditya Birla SL Inter Equity – Plan B-Direct Growth,100065,2.15,0.5,-4.1,22.7,7.6,Sectoral / Thematic Mutual Funds,30.44,Aditya Birla SL Inter Equity – Plan B-Direct Growth - Sectoral / Thematic Mutual Funds,26
Aditya Birla SL Liquid Fund,100066,0.21,0.2,5.7,4.4,5.4,Liquid Mutual Funds,163.49,Aditya Birla SL Liquid Fund - Liquid Mutual Funds,27
Aditya Birla SL Low Duration Fund,100067,0.39,0.2,5.7,6.5,7.0,Low Duration Funds,89.39,Aditya Birla SL Low Duration Fund - Low Duration Funds,28
Aditya Birla SL Manufacturing Equity Fund,100956,1.56,0.5,-2.9,21.7,6.8,Sectoral / Thematic Mutual Funds,207.78,Aditya Birla SL Manufacturing Equity Fund - Sectoral / Thematic Mutual Funds,29
Aditya Birla SL Medium Term Plan – Direct Growth,100970,0.86,0.3,22.1,14.5,8.6,Medium Duration Funds,45.2074,Aditya Birla SL Medium Term Plan – Direct Growth - Medium Duration Funds,30
Aditya Birla SL Midcap Fund,100971,1.2,0.5,-3.6,28.0,8.3,Mid Cap Mutual Funds,11.7159,Aditya Birla SL Midcap Fund - Mid Cap Mutual Funds,31
Aditya Birla SL Money Manager Fund,100972,0.21,0.2,5.6,5.6,6.4,Money Market Funds,30.4762,Aditya Birla SL Money Manager Fund - Money Market Funds,32
Aditya Birla SL Nifty 50 Index Fund,101313,0.32,0.5,0.7,25.5,11.6,Index Funds,23.2018,Aditya Birla SL Nifty 50 Index Fund - Index Funds,33
Aditya Birla SL Pure Value Fund,101314,1.12,0.5,3.0,29.8,4.3,Value Funds,227.0445,Aditya Birla SL Pure Value Fund - Value Funds,34
Aditya Birla SL Regular Savings Fund,101315,0.92,0.3,3.6,13.9,7.6,Conservative Hybrid Mutual Funds,10.9092,Aditya Birla SL Regular Savings Fund - Conservative Hybrid Mutual Funds,35
Aditya Birla SL Savings Fund,101316,0.34,0.2,5.5,5.8,6.5,Ultra Short Duration Funds,516.2757,Aditya Birla SL Savings Fund - Ultra Short Duration Funds,36
Aditya Birla SL Short Term Fund,101317,0.38,0.2,5.5,7.8,7.6,Short Duration Funds,533.5158,Aditya Birla SL Short Term Fund - Short Duration Funds,37
Aditya Birla SL Small Cap Fund,101318,1.04,0.5,-2.3,31.6,5.4,Small Cap Mutual Funds,11.3376,Aditya Birla SL Small Cap Fund - Small Cap Mutual Funds,38
Aditya Birla SL Tax Relief ’96 – Direct Growth,101591,0.93,0.5,-3.0,16.1,5.8,ELSS Mutual Funds,50.66,Aditya Birla SL Tax Relief ’96 – Direct Growth - ELSS Mutual Funds,39
AXIS Arbitrage Fund,112210,0.31,0.0,5.6,4.9,5.6,Arbitrage Mutual Funds,2843.6186,AXIS Arbitrage Fund - Arbitrage Mutual Funds,40
AXIS Balanced Advantage Fund,112211,0.7,0.5,1.2,12.4,8.0,Dynamic Asset Allocation or Balanced Advantage,1001.3998,AXIS Balanced Advantage Fund - Dynamic Asset Allocation or Balanced Advantage,41
AXIS Banking & PSU Debt Fund,112212,0.33,0.2,4.5,6.4,7.2,Banking and PSU Mutual Funds,1002.6424,AXIS Banking & PSU Debt Fund - Banking and PSU Mutual Funds,42
AXIS Bluechip Fund,112213,0.63,0.5,-6.1,17.3,12.1,Large Cap Mutual Funds,1002.9056,AXIS Bluechip Fund - Large Cap Mutual Funds,43
AXIS Children’s Gift Fund,112214,1.06,0.5,-6.5,17.8,10.1,Childrens Funds,3007.6355,AXIS Children’s Gift Fund - Childrens Funds,44
AXIS Corporate Debt Fund,112215,0.22,0.2,4.9,7.5,7.3,Corporate Bond Mutual Funds,1013.2484,AXIS Corporate Debt Fund - Corporate Bond Mutual Funds,45
AXIS Credit Risk Fund,112216,0.81,0.3,5.4,7.4,6.8,Credit Risk Funds,1011.8959,AXIS Credit Risk Fund - Credit Risk Funds,46
AXIS Dynamic Bond Fund,112217,0.26,0.2,3.4,6.5,7.7,Dynamic Bond,1010.7623,AXIS Dynamic Bond Fund - Dynamic Bond,47
AXIS Equity Saver Fund,112277,0.88,0.3,1.4,12.7,8.8,Equity Savings Mutual Funds,54.85,AXIS Equity Saver Fund - Equity Savings Mutual Funds,48
AXIS Flexi Cap Fund,112278,0.7,0.5,-8.3,17.9,12.3,Flexi Cap Funds,17.32,AXIS Flexi Cap Fund - Flexi Cap Funds,49
AXIS Focused 25 Fund,112322,0.74,0.5,-14.7,14.8,8.9,Focused Funds,23.0878,AXIS Focused 25 Fund - Focused Funds,50
AXIS Gilt Fund,112323,0.39,0.2,4.0,5.9,7.9,Gilt Mutual Funds,86.3792,AXIS Gilt Fund - Gilt Mutual Funds,51
AXIS Gold Fund,112354,0.17,0.4,14.5,12.0,13.7,FoFs Domestic,29.8776,AXIS Gold Fund - FoFs Domestic,52
AXIS Liquid Fund,112355,0.15,0.1,5.7,4.3,5.4,Liquid Mutual Funds,10.2193,AXIS Liquid Fund - Liquid Mutual Funds,53
AXIS Long Term Equity Fund,112369,0.85,0.5,-11.1,15.7,9.4,ELSS Mutual Funds,10.4034,AXIS Long Term Equity Fund - ELSS Mutual Funds,54
AXIS Midcap Fund,112679,0.57,0.5,-2.5,25.2,15.8,Mid Cap Mutual Funds,10.7706,AXIS Midcap Fund - Mid Cap Mutual Funds,55
AXIS Regular Saver Fund,112680,0.86,0.3,1.8,10.9,7.0,Conservative Hybrid Mutual Funds,10.0,AXIS Regular Saver Fund - Conservative Hybrid Mutual Funds,56
AXIS Short Term Fund,112681,0.3,0.2,4.9,6.9,7.4,Short Duration Funds,0.0,AXIS Short Term Fund - Short Duration Funds,57
AXIS Small Cap Fund,112682,0.54,0.5,3.4,34.5,19.4,Small Cap Mutual Funds,0.0,AXIS Small Cap Fund - Small Cap Mutual Funds,58
AXIS Strategic Bond Fund,112683,0.39,0.3,5.2,7.4,7.4,Medium Duration Funds,10.0,AXIS Strategic Bond Fund - Medium Duration Funds,59
AXIS Treasury Advantage Fund,112684,0.29,0.1,5.3,5.9,6.6,Low Duration Funds,0.0,AXIS Treasury Advantage Fund - Low Duration Funds,60
AXIS Triple Advantage Fund,112712,0.72,0.5,-5.1,18.1,10.4,Multi Asset Allocation Mutual Funds,1000.9559,AXIS Triple Advantage Fund - Multi Asset Allocation Mutual Funds,61
Bandhan Asset Allocation FoF – Moderate – Direct Growth,118484,0.42,0.4,1.3,12.7,6.9,FoFs Domestic,30.9244,Bandhan Asset Allocation FoF – Moderate – Direct Growth - FoFs Domestic,62
Bank of India Balanced Advantage Fund,109255,2.07,0.5,13.6,12.1,5.1,Dynamic Asset Allocation or Balanced Advantage,1001.8288,Bank of India Balanced Advantage Fund - Dynamic Asset Allocation or Balanced Advantage,63
Bank of India Conservative Hybrid Fund,109264,2.2,0.2,22.3,15.5,6.4,Conservative Hybrid Mutual Funds,1007.8677,Bank of India Conservative Hybrid Fund - Conservative Hybrid Mutual Funds,64
Bank of India Credit Risk Fund,109269,1.54,0.3,130.8,12.8,-4.1,Credit Risk Funds,3087.7585,Bank of India Credit Risk Fund - Credit Risk Funds,65
Bank of India Large & Mid Cap Equity Fund,110606,1.89,0.5,2.7,25.6,9.5,Large & Mid Cap Funds,76.92,Bank of India Large & Mid Cap Equity Fund - Large & Mid Cap Funds,66
Bank of India Liquid Fund,110607,0.18,0.1,5.7,4.3,5.3,Liquid Mutual Funds,22.96,Bank of India Liquid Fund - Liquid Mutual Funds,67
Bank of India Manufacturing & Infrastr Fund,110608,1.55,0.5,7.6,35.4,11.5,Sectoral / Thematic Mutual Funds,23.62,Bank of India Manufacturing & Infrastr Fund - Sectoral / Thematic Mutual Funds,68
Bank of India Mid & Small Cap Equity & Debt Fund,111585,1.92,0.5,-0.3,29.3,10.4,Aggressive Hybrid Mutual Funds,25.9866,Bank of India Mid & Small Cap Equity & Debt Fund - Aggressive Hybrid Mutual Funds,69
Bank of India Midcap Tax Fund,111589,0.95,0.5,-4.1,27.1,10.6,ELSS Mutual Funds,13.3349,Bank of India Midcap Tax Fund - ELSS Mutual Funds,70
Bank of India Short Term Income – Direct Growth,111590,0.98,0.1,28.3,8.8,4.0,Short Duration Funds,13.141,Bank of India Short Term Income – Direct Growth - Short Duration Funds,71
Bank of India Tax Advantage Fund,111709,1.31,0.5,0.9,29.0,13.2,ELSS Mutual Funds,154.25,Bank of India Tax Advantage Fund - ELSS Mutual Funds,72
Bank of India Ultra Short Duration Fund,111710,0.36,0.2,5.2,4.7,5.7,Ultra Short Duration Funds,142.74,Bank of India Ultra Short Duration Fund - Ultra Short Duration Funds,73
Baroda BNP Paribas Aggressive Hybrid Fund,113036,0.61,0.5,3.5,20.6,13.3,Aggressive Hybrid Mutual Funds,28.2854,Baroda BNP Paribas Aggressive Hybrid Fund - Aggressive Hybrid Mutual Funds,74
Baroda BNP Paribas Arbitrage Fund,119333,0.49,0.0,5.2,4.6,5.6,Arbitrage Mutual Funds,46.1107,Baroda BNP Paribas Arbitrage Fund - Arbitrage Mutual Funds,75
Baroda BNP Paribas Banking&Fin Serv Fund,119334,1.63,0.5,6.6,19.2,9.1,Sectoral / Thematic Mutual Funds,23.1834,Baroda BNP Paribas Banking&Fin Serv Fund - Sectoral / Thematic Mutual Funds,76
Baroda BNP Paribas Conservative Hybrid Fund,119340,0.78,0.3,3.7,9.2,7.7,Conservative Hybrid Mutual Funds,33.19,Baroda BNP Paribas Conservative Hybrid Fund - Conservative Hybrid Mutual Funds,77
Baroda BNP Paribas Corporate Bond Fund,119354,0.32,0.1,2.8,5.6,4.4,Corporate Bond Mutual Funds,284.6747,Baroda BNP Paribas Corporate Bond Fund - Corporate Bond Mutual Funds,78
Baroda BNP Paribas Credit Risk Fund,119399,0.78,0.3,5.7,10.9,7.6,Credit Risk Funds,10.3972,Baroda BNP Paribas Credit Risk Fund - Credit Risk Funds,79
Baroda BNP Paribas Dynamic Bond Fund,119400,0.71,0.2,5.2,5.7,6.6,Dynamic Bond,30.6366,Baroda BNP Paribas Dynamic Bond Fund - Dynamic Bond,80
Baroda BNP Paribas ELSS Fund,119415,1.12,0.5,-2.4,20.4,10.5,ELSS Mutual Funds,2973.741,Baroda BNP Paribas ELSS Fund - ELSS Mutual Funds,81
Baroda BNP Paribas Focused Fund,119416,0.67,0.5,0.5,23.1,9.9,Focused Funds,1218.9127,Baroda BNP Paribas Focused Fund - Focused Funds,82
Baroda BNP Paribas Gilt Fund,133488,0.14,0.2,3.7,4.9,6.8,Gilt Mutual Funds,23.5998,Baroda BNP Paribas Gilt Fund - Gilt Mutual Funds,83
Baroda BNP Paribas Large Cap Fund,133517,0.94,0.5,3.0,23.5,12.8,Large Cap Mutual Funds,11.2158,Baroda BNP Paribas Large Cap Fund - Large Cap Mutual Funds,84
Baroda BNP Paribas Liquid Fund,133518,0.19,0.1,5.7,4.4,5.4,Liquid Mutual Funds,11.8134,Baroda BNP Paribas Liquid Fund - Liquid Mutual Funds,85
Baroda BNP Paribas Low Duration Fund,133520,0.39,0.2,5.0,6.0,6.5,Low Duration Funds,14.1908,Baroda BNP Paribas Low Duration Fund - Low Duration Funds,86
Baroda BNP Paribas Medium Duration Fund,139344,0.69,0.2,3.9,5.0,3.5,Medium Duration Funds,1422.9738,Baroda BNP Paribas Medium Duration Fund - Medium Duration Funds,87
Baroda BNP Paribas Mid Cap Fund,140463,0.59,0.5,2.4,30.6,13.6,Mid Cap Mutual Funds,11.2386,Baroda BNP Paribas Mid Cap Fund - Mid Cap Mutual Funds,88
Baroda BNP Paribas Multi Cap Fund,142245,1.1,0.5,-1.7,28.8,12.3,Multi Cap Funds,1000.0,Baroda BNP Paribas Multi Cap Fund - Multi Cap Funds,89
Baroda BNP Paribas Short Duration Fund,142246,0.37,0.2,4.2,5.7,6.7,Short Duration Funds,1391.4327,Baroda BNP Paribas Short Duration Fund - Short Duration Funds,90
Canara Robeco Bluechip Equity Fund,100589,0.48,0.5,1.7,24.3,14.4,Large Cap Mutual Funds,15.84,Canara Robeco Bluechip Equity Fund - Large Cap Mutual Funds,91
Canara Robeco Conservative Hybrid Fund,100590,0.57,0.3,3.8,11.4,9.4,Conservative Hybrid Mutual Funds,54.83,Canara Robeco Conservative Hybrid Fund - Conservative Hybrid Mutual Funds,92
Canara Robeco Consumer Trends Fund,100593,1.0,0.5,7.1,26.7,15.1,Sectoral / Thematic Mutual Funds,43.57,Canara Robeco Consumer Trends Fund - Sectoral / Thematic Mutual Funds,93
Canara Robeco Corporate Bond Fund,100596,0.39,0.1,4.0,6.0,6.7,Corporate Bond Mutual Funds,15.18,Canara Robeco Corporate Bond Fund - Corporate Bond Mutual Funds,94
Canara Robeco Dynamic Bond Fund,100597,0.66,0.2,4.7,5.3,6.6,Dynamic Bond,73.2453,Canara Robeco Dynamic Bond Fund - Dynamic Bond,95
Canara Robeco Emerging Equities – Direct Growth,100600,0.6,0.5,-0.2,27.0,12.6,Large & Mid Cap Funds,12.9761,Canara Robeco Emerging Equities – Direct Growth - Large & Mid Cap Funds,96
Canara Robeco Equity Hybrid Fund,100601,0.63,0.5,1.8,20.1,12.2,Aggressive Hybrid Mutual Funds,91.8675,Canara Robeco Equity Hybrid Fund - Aggressive Hybrid Mutual Funds,97
Canara Robeco Equity Tax Saver Fund,101361,0.64,0.5,1.2,27.7,15.5,ELSS Mutual Funds,1000.0,Canara Robeco Equity Tax Saver Fund - ELSS Mutual Funds,98
Canara Robeco Flexi Cap Fund,101362,0.55,0.5,-0.9,24.8,13.8,Flexi Cap Funds,2853.2956,Canara Robeco Flexi Cap Fund - Flexi Cap Funds,99
Canara Robeco Gilt Fund,101363,0.54,0.2,4.3,5.1,7.0,Gilt Mutual Funds,1005.5,Canara Robeco Gilt Fund - Gilt Mutual Funds,100
Canara Robeco Income Fund,101364,0.75,0.2,3.9,5.8,7.0,Medium to Long Duration Funds,1007.0,Canara Robeco Income Fund - Medium to Long Duration Funds,101
Canara Robeco Infrastructure – Direct Growth,101365,1.32,0.5,13.7,34.9,12.2,Sectoral / Thematic Mutual Funds,2769.6413,Canara Robeco Infrastructure – Direct Growth - Sectoral / Thematic Mutual Funds,102
Canara Robeco Liquid Fund,101587,0.11,0.1,5.6,4.1,5.1,Liquid Mutual Funds,14.9684,Canara Robeco Liquid Fund - Liquid Mutual Funds,103
Canara Robeco Savings Fund,101588,0.31,0.1,5.0,5.2,5.9,Low Duration Funds,53.9319,Canara Robeco Savings Fund - Low Duration Funds,104
Canara Robeco Short Duration Fund,101589,0.47,0.1,4.1,5.9,6.5,Short Duration Funds,13.6088,Canara Robeco Short Duration Fund - Short Duration Funds,105
Canara Robeco Ultra Short Term Fund,101922,0.4,0.1,5.2,4.5,5.3,Ultra Short Duration Funds,297.57,Canara Robeco Ultra Short Term Fund - Ultra Short Duration Funds,106
DSP Arbitrage Fund,100077,0.35,0.0,5.6,4.6,5.4,Arbitrage Mutual Funds,12.0348,DSP Arbitrage Fund - Arbitrage Mutual Funds,107
DSP Banking & Psu Debt Fund,100078,0.33,0.1,4.0,6.4,6.9,Banking and PSU Mutual Funds,78.8946,DSP Banking & Psu Debt Fund - Banking and PSU Mutual Funds,108
DSP Bond Fund,100079,0.39,0.2,3.8,6.1,4.9,Medium Duration Funds,11.1186,DSP Bond Fund - Medium Duration Funds,109
DSP Credit Risk Fund,100080,0.38,0.3,10.8,6.6,4.5,Credit Risk Funds,61.462,DSP Credit Risk Fund - Credit Risk Funds,110
DSP Dynamic Asset Allocation Fund,100081,0.71,0.4,1.7,12.2,8.3,Dynamic Asset Allocation or Balanced Advantage,326.957,DSP Dynamic Asset Allocation Fund - Dynamic Asset Allocation or Balanced Advantage,111
DSP Equity & Bond Fund,100082,0.78,0.5,0.6,18.7,10.7,Aggressive Hybrid Mutual Funds,28.181,DSP Equity & Bond Fund - Aggressive Hybrid Mutual Funds,112
DSP Equity Opportunities Fund,100084,0.91,0.5,3.2,31.6,11.7,Large & Mid Cap Funds,92.6972,DSP Equity Opportunities Fund - Large & Mid Cap Funds,113
DSP Equity Savings Fund,100085,0.4,0.3,4.0,14.6,7.8,Equity Savings Mutual Funds,12.3069,DSP Equity Savings Fund - Equity Savings Mutual Funds,114
DSP Flexi Cap Fund,100086,0.76,0.5,-0.1,22.8,12.0,Flexi Cap Funds,10.6593,DSP Flexi Cap Fund - Flexi Cap Funds,115
DSP Focus Fund,100087,1.08,0.5,-1.7,20.4,8.9,Focused Funds,51.3378,DSP Focus Fund - Focused Funds,116
DSP G-Sec Fund,100088,0.54,0.2,4.4,5.9,8.6,Gilt Mutual Funds,12.5088,DSP G-Sec Fund - Gilt Mutual Funds,117
DSP India T.I.G.E.R. Fund,100089,1.34,0.5,15.8,36.4,11.9,Sectoral / Thematic Mutual Funds,10.9291,DSP India T.I.G.E.R. Fund - Sectoral / Thematic Mutual Funds,118
DSP Liquidity Fund,100090,0.15,0.2,5.6,4.3,5.3,Liquid Mutual Funds,50.203,DSP Liquidity Fund - Liquid Mutual Funds,119
DSP Low Duration Fund,100940,0.3,0.1,5.1,5.5,6.3,Low Duration Funds,39.1078,DSP Low Duration Fund - Low Duration Funds,120
DSP Midcap Fund,100941,0.77,0.5,-3.9,21.1,9.5,Mid Cap Mutual Funds,12.4125,DSP Midcap Fund - Mid Cap Mutual Funds,121
DSP Natural Resources & New Energy – Direct Growth,100943,1.21,0.5,-0.7,44.3,12.0,Sectoral / Thematic Mutual Funds,10.0117,DSP Natural Resources & New Energy – Direct Growth - Sectoral / Thematic Mutual Funds,122
DSP Nifty 50 Equal Weight Index Fund,101303,0.4,0.5,2.2,30.9,10.7,Index Funds,10.191,DSP Nifty 50 Equal Weight Index Fund - Index Funds,123
DSP Regular Savings Fund,101304,0.51,0.2,3.0,10.8,6.0,Conservative Hybrid Mutual Funds,45.1325,DSP Regular Savings Fund - Conservative Hybrid Mutual Funds,124
DSP Savings Fund,101305,0.25,0.2,5.0,5.3,5.9,Money Market Funds,12.7637,DSP Savings Fund - Money Market Funds,125
DSP Short Term Fund,101306,0.3,0.1,4.1,6.1,6.7,Short Duration Funds,11.5474,DSP Short Term Fund - Short Duration Funds,126
DSP Small Cap Fund,101635,0.9,0.5,0.7,38.9,12.5,Small Cap Mutual Funds,429.827,DSP Small Cap Fund - Small Cap Mutual Funds,127
DSP Strategic Bond Fund,101636,0.47,0.1,3.0,5.4,7.3,Dynamic Bond,25.97,DSP Strategic Bond Fund - Dynamic Bond,128
DSP Tax Saver Fund,101742,0.81,0.5,1.8,28.8,13.3,ELSS Mutual Funds,19.4774,DSP Tax Saver Fund - ELSS Mutual Funds,129
DSP Top 100 Equity Fund,101743,1.27,0.5,3.6,21.8,8.9,Large Cap Mutual Funds,11.2459,DSP Top 100 Equity Fund - Large Cap Mutual Funds,130
DSP Ultra Short Fund,101744,0.3,0.1,5.5,4.9,5.5,Ultra Short Duration Funds,11.7088,DSP Ultra Short Fund - Ultra Short Duration Funds,131
Edelweiss Aggressive Hybrid Fund,109934,0.36,0.5,6.5,24.6,13.0,Aggressive Hybrid Mutual Funds,1000.0,Edelweiss Aggressive Hybrid Fund - Aggressive Hybrid Mutual Funds,132
Edelweiss Arbitrage Fund,109935,0.37,0.0,5.8,5.0,5.7,Arbitrage Mutual Funds,1000.0,Edelweiss Arbitrage Fund - Arbitrage Mutual Funds,133
Edelweiss Balanced Advantage Fund,109936,0.51,0.5,2.9,18.5,12.0,Dynamic Asset Allocation or Balanced Advantage,1000.848,Edelweiss Balanced Advantage Fund - Dynamic Asset Allocation or Balanced Advantage,134
Edelweiss Banking & Psu Debt Fund,109937,0.26,0.2,3.5,6.9,7.9,Banking and PSU Mutual Funds,1000.8565,Edelweiss Banking & Psu Debt Fund - Banking and PSU Mutual Funds,135
Edelweiss Equity Savings Fund,109938,0.7,0.3,4.4,12.1,9.0,Equity Savings Mutual Funds,1001.4686,Edelweiss Equity Savings Fund - Equity Savings Mutual Funds,136
Edelweiss Flexi Cap Fund,109939,0.56,0.5,1.9,27.5,12.1,Flexi Cap Funds,1003.9185,Edelweiss Flexi Cap Fund - Flexi Cap Funds,137
Edelweiss Govt Securities Fund,109940,0.66,0.2,4.3,6.8,8.2,Gilt Mutual Funds,1706.3476,Edelweiss Govt Securities Fund - Gilt Mutual Funds,138
Edelweiss Large & Mid Cap Fund,109941,0.6,0.5,1.2,27.8,13.2,Large & Mid Cap Funds,1000.3472,Edelweiss Large & Mid Cap Fund - Large & Mid Cap Funds,139
Edelweiss Large Cap Fund,109942,0.93,0.5,4.9,26.0,12.8,Large Cap Mutual Funds,1000.9807,Edelweiss Large Cap Fund - Large Cap Mutual Funds,140
Edelweiss Liquid Fund,109944,0.15,0.2,5.6,4.4,5.4,Liquid Mutual Funds,1004.5203,Edelweiss Liquid Fund - Liquid Mutual Funds,141
Edelweiss Long Term Equity Fund,109945,0.69,0.5,0.9,25.6,10.2,ELSS Mutual Funds,1069.4568,Edelweiss Long Term Equity Fund - ELSS Mutual Funds,142
Edelweiss Mid Cap Fund,109946,0.57,0.5,4.9,35.5,14.0,Mid Cap Mutual Funds,1523.6438,Edelweiss Mid Cap Fund - Mid Cap Mutual Funds,143
Edelweiss Money Market Fund,109949,0.26,0.1,4.9,4.7,7.3,Money Market Funds,1844.0143,Edelweiss Money Market Fund - Money Market Funds,144
Edelweiss Recently Listed IPO Fund,109950,0.61,0.5,-13.8,24.3,10.9,Sectoral / Thematic Mutual Funds,1011.0079,Edelweiss Recently Listed IPO Fund - Sectoral / Thematic Mutual Funds,145
Franklin Build India Fund,100470,1.3,0.5,16.0,36.1,13.3,Sectoral / Thematic Mutual Funds,42.1043,Franklin Build India Fund - Sectoral / Thematic Mutual Funds,146
Franklin India Banking & PSU Debt Fund,100471,0.16,0.1,4.2,6.1,7.2,Banking and PSU Mutual Funds,912.9729,Franklin India Banking & PSU Debt Fund - Banking and PSU Mutual Funds,147
Franklin India Bluechip Fund,100472,1.01,0.5,-1.0,25.1,9.7,Large Cap Mutual Funds,88.8088,Franklin India Bluechip Fund - Large Cap Mutual Funds,148
Franklin India Corporate Debt Fund,100473,0.21,0.1,4.4,6.3,7.0,Corporate Bond Mutual Funds,2402.189,Franklin India Corporate Debt Fund - Corporate Bond Mutual Funds,149
Franklin India Debt Hybrid Fund,100481,0.57,0.3,5.1,9.8,7.0,Conservative Hybrid Mutual Funds,40.5585,Franklin India Debt Hybrid Fund - Conservative Hybrid Mutual Funds,150
Franklin India Dynamic Asset Allocation FoFs-Dir-G,100482,0.46,0.3,5.9,18.2,9.2,FoFs Domestic,35.0549,Franklin India Dynamic Asset Allocation FoFs-Dir-G - FoFs Domestic,151
Franklin India Equity Advantage Fund,100483,1.37,0.5,-0.9,27.7,9.2,Large & Mid Cap Funds,34.7349,Franklin India Equity Advantage Fund - Large & Mid Cap Funds,152
Franklin India Equity Hybrid Fund,100484,1.2,0.5,5.3,22.5,11.0,Aggressive Hybrid Mutual Funds,181.037,Franklin India Equity Hybrid Fund - Aggressive Hybrid Mutual Funds,153
Franklin India Flexi Cap Fund,100485,1.1,0.5,3.8,31.1,12.0,Flexi Cap Funds,0.0,Franklin India Flexi Cap Fund - Flexi Cap Funds,154
Franklin India Floating Rate Fund,100486,0.21,0.1,5.8,5.6,6.2,Floater Mutual Funds,0.0,Franklin India Floating Rate Fund - Floater Mutual Funds,155
Franklin India Focused Equity Fund,100487,1.16,0.5,5.1,30.9,12.9,Focused Funds,0.0,Franklin India Focused Equity Fund - Focused Funds,156
Franklin India G-Sec Fund,100489,0.57,0.2,3.5,4.1,6.3,Gilt Mutual Funds,0.0,Franklin India G-Sec Fund - Gilt Mutual Funds,157
Franklin India Liquid Fund,100490,0.13,0.1,5.6,4.3,5.4,Liquid Mutual Funds,0.0,Franklin India Liquid Fund - Liquid Mutual Funds,158
Franklin India Multi-Asset Solution Fund,100491,0.44,0.3,4.1,8.7,5.3,FoFs Domestic,0.0,Franklin India Multi-Asset Solution Fund - FoFs Domestic,159
Franklin India NSE Nifty 50 Index Fund,100493,0.24,0.5,0.9,25.6,11.6,Index Funds,57.2521,Franklin India NSE Nifty 50 Index Fund - Index Funds,160
Franklin India Opportunities Fund,100494,1.79,0.5,7.9,31.0,11.5,Sectoral / Thematic Mutual Funds,10.7689,Franklin India Opportunities Fund - Sectoral / Thematic Mutual Funds,161
Franklin India Prima Fund,100495,1.06,0.5,4.5,26.6,10.0,Mid Cap Mutual Funds,0.0,Franklin India Prima Fund - Mid Cap Mutual Funds,162
Franklin India Savings Fund,100498,0.1,0.1,5.3,5.2,6.1,Money Market Funds,15.6675,Franklin India Savings Fund - Money Market Funds,163
Franklin India Smaller Companies Fund,100499,1.03,0.5,10.5,38.8,11.2,Small Cap Mutual Funds,94.788,Franklin India Smaller Companies Fund - Small Cap Mutual Funds,164
Franklin India Taxshield – Direct Growth,100503,1.12,0.5,4.9,29.3,11.4,ELSS Mutual Funds,15.0351,Franklin India Taxshield – Direct Growth - ELSS Mutual Funds,165
Franklin India Technology Fund,100504,1.22,0.5,-11.9,29.9,15.9,Sectoral / Thematic Mutual Funds,14.7667,Franklin India Technology Fund - Sectoral / Thematic Mutual Funds,166
HDFC Arbitrage Fund,100119,0.43,0.0,5.6,4.5,5.2,Arbitrage Mutual Funds,476.463,HDFC Arbitrage Fund - Arbitrage Mutual Funds,167
HDFC Balanced Advantage Fund,100120,0.88,0.5,14.4,29.3,12.9,Dynamic Asset Allocation or Balanced Advantage,36.96,HDFC Balanced Advantage Fund - Dynamic Asset Allocation or Balanced Advantage,168
HDFC Banking and PSU Debt Fund,100121,0.39,0.1,4.3,6.8,7.2,Banking and PSU Mutual Funds,30.651,HDFC Banking and PSU Debt Fund - Banking and PSU Mutual Funds,169
HDFC Capital Builder Value Fund,100122,1.04,0.5,-0.7,33.7,11.3,Value Funds,147.069,HDFC Capital Builder Value Fund - Value Funds,170
HDFC Children’s Gift Fund,100123,0.96,0.5,10.5,26.8,12.9,Childrens Funds,11.444,HDFC Children’s Gift Fund - Childrens Funds,171
HDFC Corporate Bond Fund,100124,0.32,0.2,4.1,6.9,7.3,Corporate Bond Mutual Funds,56.3488,HDFC Corporate Bond Fund - Corporate Bond Mutual Funds,172
HDFC Credit Risk Debt Fund,100282,0.95,0.3,4.6,8.0,7.7,Credit Risk Funds,10.0017,HDFC Credit Risk Debt Fund - Credit Risk Funds,173
HDFC Dynamic Debt Fund,100283,0.49,0.2,4.6,7.3,6.1,Dynamic Bond,10.0017,HDFC Dynamic Debt Fund - Dynamic Bond,174
HDFC Dynamic PE Ratio Fund,100284,0.22,0.4,8.6,21.9,11.1,FoFs Domestic,10.0017,HDFC Dynamic PE Ratio Fund - FoFs Domestic,175
HDFC Equity Savings Fund,100285,1.1,0.3,5.1,16.0,8.8,Equity Savings Mutual Funds,10.0017,HDFC Equity Savings Fund - Equity Savings Mutual Funds,176
HDFC Flexi Cap Fund,100868,1.0,0.5,12.4,34.5,14.0,Flexi Cap Funds,5011.397,HDFC Flexi Cap Fund - Flexi Cap Funds,177
HDFC Floating Rate Debt Fund,100869,0.26,0.2,5.6,6.5,6.9,Floater Mutual Funds,0.0,HDFC Floating Rate Debt Fund - Floater Mutual Funds,178
HDFC Focused 30 Fund,100870,0.54,0.5,16.0,35.8,11.9,Focused Funds,0.0,HDFC Focused 30 Fund - Focused Funds,179
HDFC Gilt Fund,100871,0.46,0.2,3.6,4.9,6.4,Gilt Mutual Funds,0.0,HDFC Gilt Fund - Gilt Mutual Funds,180
HDFC Gold Fund,100872,0.18,0.4,14.2,12.3,13.4,FoFs Domestic,10.0,HDFC Gold Fund - FoFs Domestic,181
HDFC Housing Opportunities Fund,100873,1.28,0.5,9.8,27.1,7.9,Sectoral / Thematic Mutual Funds,3764.8175,HDFC Housing Opportunities Fund - Sectoral / Thematic Mutual Funds,182
HDFC Hybrid Debt Fund,100874,1.33,0.3,6.0,13.3,8.4,Conservative Hybrid Mutual Funds,1031.5907,HDFC Hybrid Debt Fund - Conservative Hybrid Mutual Funds,183
HDFC Hybrid Equity Fund,100875,1.09,0.5,7.7,25.6,11.3,Aggressive Hybrid Mutual Funds,1019.82,HDFC Hybrid Equity Fund - Aggressive Hybrid Mutual Funds,184
HDFC Income Fund,100876,0.51,0.2,3.8,5.2,6.1,Medium to Long Duration Funds,1028.1012,HDFC Income Fund - Medium to Long Duration Funds,185
HDFC Index Fund,100877,0.2,0.5,2.4,25.8,12.8,Index Funds,1225.98,HDFC Index Fund - Index Funds,186
HDFC Index Fund,100878,0.2,0.5,0.9,26.0,12.0,Index Funds,10.0,HDFC Index Fund - Index Funds,187
HDFC Infrastructure Fund,100881,1.75,0.5,16.5,34.3,5.3,Sectoral / Thematic Mutual Funds,10.0,HDFC Infrastructure Fund - Sectoral / Thematic Mutual Funds,188
HDFC Large and Mid Cap Fund,100899,1.03,0.5,6.3,33.3,12.8,Large & Mid Cap Funds,44.0722,HDFC Large and Mid Cap Fund - Large & Mid Cap Funds,189
HDFC Liquid Fund,100900,0.2,0.1,5.6,4.3,5.3,Liquid Mutual Funds,267.549,HDFC Liquid Fund - Liquid Mutual Funds,190
HDFC Low Duration Fund,100997,0.43,0.1,5.4,6.2,6.7,Low Duration Funds,51.722,HDFC Low Duration Fund - Low Duration Funds,191
HDFC Medium Term Debt Fund,100998,0.58,0.3,4.1,6.9,7.4,Medium Duration Funds,595.168,HDFC Medium Term Debt Fund - Medium Duration Funds,192
HDFC Mid-Cap Opportunities Fund,101081,0.95,0.5,11.9,34.2,13.1,Mid Cap Mutual Funds,11.194,HDFC Mid-Cap Opportunities Fund - Mid Cap Mutual Funds,193
HDFC Money Market Fund,101082,0.21,0.2,5.6,5.6,6.3,Money Market Funds,28.4412,HDFC Money Market Fund - Money Market Funds,194
HDFC Multi-Asset Fund,101083,0.88,0.5,6.9,23.0,10.9,Multi Asset Allocation Mutual Funds,53.7151,HDFC Multi-Asset Fund - Multi Asset Allocation Mutual Funds,195
HDFC Overnight Fund,101084,0.1,0.0,5.3,3.8,4.6,Overnight Mutual Funds,12.1808,HDFC Overnight Fund - Overnight Mutual Funds,196
HDFC Retirement Savings Fund,101281,0.78,0.5,11.6,34.9,14.8,Retirement Funds,684.6159,HDFC Retirement Savings Fund - Retirement Funds,197
HDFC Retirement Savings Fund,101282,1.03,0.5,8.0,24.5,12.3,Retirement Funds,462.5623,HDFC Retirement Savings Fund - Retirement Funds,198
HDFC Retirement Savings Fund,101430,1.0,0.3,6.0,10.3,7.8,Retirement Funds,34.4886,HDFC Retirement Savings Fund - Retirement Funds,199
HDFC Short Term Debt Fund,101431,0.29,0.2,4.7,7.0,7.3,Short Duration Funds,10.3806,HDFC Short Term Debt Fund - Short Duration Funds,200
HDFC Small Cap Fund,101480,0.8,0.5,12.5,43.5,13.5,Small Cap Mutual Funds,0.0,HDFC Small Cap Fund - Small Cap Mutual Funds,201
HDFC Tax Saver Fund,101481,1.15,0.5,10.0,31.0,10.3,ELSS Mutual Funds,31.6659,HDFC Tax Saver Fund - ELSS Mutual Funds,202
HDFC Top 100 Fund,101482,1.11,0.5,6.6,28.6,11.9,Large Cap Mutual Funds,10.1483,HDFC Top 100 Fund - Large Cap Mutual Funds,203
HSBC Aggressive Hybrid Fund,101593,0.87,0.5,-1.2,19.5,8.1,Aggressive Hybrid Mutual Funds,41.2465,HSBC Aggressive Hybrid Fund - Aggressive Hybrid Mutual Funds,204
HSBC Arbitrage Fund,101594,0.29,0.0,5.4,4.7,5.5,Arbitrage Mutual Funds,424.1677,HSBC Arbitrage Fund - Arbitrage Mutual Funds,205
HSBC Balanced Advantage Fund,101597,0.78,0.3,3.5,13.4,8.0,Dynamic Asset Allocation or Balanced Advantage,17.9603,HSBC Balanced Advantage Fund - Dynamic Asset Allocation or Balanced Advantage,206
HSBC Banking and PSU Debt Fund,101598,0.23,0.2,2.2,6.0,6.5,Banking and PSU Mutual Funds,11.9407,HSBC Banking and PSU Debt Fund - Banking and PSU Mutual Funds,207
HSBC Business Cycles Fund,101599,1.42,0.5,7.0,28.0,8.7,Sectoral / Thematic Mutual Funds,32.6785,HSBC Business Cycles Fund - Sectoral / Thematic Mutual Funds,208
HSBC Conservative Hybrid Fund,101600,1.34,0.3,2.3,10.3,7.5,Conservative Hybrid Mutual Funds,11.808,HSBC Conservative Hybrid Fund - Conservative Hybrid Mutual Funds,209
HSBC Corporate Bond Fund,101685,0.35,0.1,1.7,32.4,13.3,Corporate Bond Mutual Funds,40.8217,HSBC Corporate Bond Fund - Corporate Bond Mutual Funds,210
HSBC Corporate Bond Fund,101686,0.29,0.2,3.3,6.6,7.6,Corporate Bond Mutual Funds,10.7726,HSBC Corporate Bond Fund - Corporate Bond Mutual Funds,211
HSBC Credit Risk Fund,101687,0.85,0.3,4.8,5.7,5.1,Credit Risk Funds,10.0,HSBC Credit Risk Fund - Credit Risk Funds,212
HSBC Dynamic Bond Fund,101688,0.29,0.2,4.7,5.4,6.8,Dynamic Bond,10.0,HSBC Dynamic Bond Fund - Dynamic Bond,213
HSBC ELSS Fund,101691,1.16,0.5,-1.2,24.1,8.0,ELSS Mutual Funds,18.2843,HSBC ELSS Fund - ELSS Mutual Funds,214
HSBC Equity Hybrid Fund,101692,1.0,0.5,1.7,32.4,13.3,Aggressive Hybrid Mutual Funds,10.6372,HSBC Equity Hybrid Fund - Aggressive Hybrid Mutual Funds,215
HSBC Equity Savings Fund,101693,0.62,0.2,2.9,15.5,7.5,Equity Savings Mutual Funds,10.0,HSBC Equity Savings Fund - Equity Savings Mutual Funds,216
HSBC Flexi Cap Fund,101694,1.23,0.5,-1.2,26.4,9.2,Flexi Cap Funds,10.0,HSBC Flexi Cap Fund - Flexi Cap Funds,217
HSBC Flexi Debt Fund,101696,0.94,0.2,1.7,32.4,13.3,Dynamic Bond,17.977,HSBC Flexi Debt Fund - Dynamic Bond,218
HSBC Gilt Fund,101697,0.48,0.2,5.0,5.4,7.1,Gilt Mutual Funds,10.193,HSBC Gilt Fund - Gilt Mutual Funds,219
HSBC Infrastructure Fund,101698,1.14,0.5,11.3,33.6,9.3,Sectoral / Thematic Mutual Funds,10.0314,HSBC Infrastructure Fund - Sectoral / Thematic Mutual Funds,220
HSBC Large Cap Fund,101699,1.26,0.5,0.0,23.3,10.6,Large Cap Mutual Funds,11.4467,HSBC Large Cap Fund - Large Cap Mutual Funds,221
HSBC Liquid Fund,101700,0.12,0.1,5.7,4.3,5.3,Liquid Mutual Funds,10.0056,HSBC Liquid Fund - Liquid Mutual Funds,222
HSBC Low Duration Fund,101701,0.25,0.1,5.2,5.6,5.8,Low Duration Funds,11.1231,HSBC Low Duration Fund - Low Duration Funds,223
HSBC Managed Solutions Conservative Fund,101702,0.54,0.2,3.2,6.7,5.9,FoFs Domestic,10.0651,HSBC Managed Solutions Conservative Fund - FoFs Domestic,224
HSBC Managed Solutions Growth Fund,102065,1.06,0.5,0.6,22.2,9.2,FoFs Domestic,16.2943,HSBC Managed Solutions Growth Fund - FoFs Domestic,225
HSBC Managed Solutions Moderate Fund,102066,0.76,0.4,1.2,19.0,8.7,FoFs Domestic,18.4778,HSBC Managed Solutions Moderate Fund - FoFs Domestic,226
HSBC Medium Duration Fund,102251,0.4,0.2,4.2,7.0,6.7,Medium Duration Funds,38.6658,HSBC Medium Duration Fund - Medium Duration Funds,227
HSBC Medium to Long Duration Fund,102252,0.68,0.2,2.7,4.5,6.5,Medium to Long Duration Funds,188.3769,HSBC Medium to Long Duration Fund - Medium to Long Duration Funds,228
HSBC Midcap Fund,102257,0.74,0.5,2.3,26.1,8.8,Mid Cap Mutual Funds,11.8518,HSBC Midcap Fund - Mid Cap Mutual Funds,229
HSBC Money Market Fund,102258,0.25,0.1,5.2,4.9,6.0,Money Market Funds,12.0093,HSBC Money Market Fund - Money Market Funds,230
HSBC Short Duration Fund,102259,0.27,0.1,3.8,6.0,6.7,Short Duration Funds,27.2446,HSBC Short Duration Fund - Short Duration Funds,231
HSBC Small Cap Fund,102260,0.77,0.5,5.1,44.7,12.7,Small Cap Mutual Funds,12.9179,HSBC Small Cap Fund - Small Cap Mutual Funds,232
HSBC Tax Saver Equity Fund,102261,1.3,0.5,-2.2,24.7,8.9,ELSS Mutual Funds,17.1844,HSBC Tax Saver Equity Fund - ELSS Mutual Funds,233
HSBC Value Fund,102262,0.84,0.5,6.8,33.0,11.6,Value Funds,57.5244,HSBC Value Fund - Value Funds,234
ICICI Pru All Seasons Bond Fund,100348,0.62,0.2,6.5,7.5,8.2,Dynamic Bond,28.66,ICICI Pru All Seasons Bond Fund - Dynamic Bond,235
ICICI Pru Asset Allocator Fund,100349,0.18,0.3,8.8,21.6,12.8,FoFs Domestic,895.65,ICICI Pru Asset Allocator Fund - FoFs Domestic,236
ICICI Pru Balanced Advantage Fund,100350,0.91,0.4,6.7,19.7,10.4,Dynamic Asset Allocation or Balanced Advantage,32.76,ICICI Pru Balanced Advantage Fund - Dynamic Asset Allocation or Balanced Advantage,237
ICICI Pru Banking & Financial Services – DirectGrowth,100351,1.1,0.5,7.0,24.9,9.7,Sectoral / Thematic Mutual Funds,82.04,ICICI Pru Banking & Financial Services – DirectGrowth - Sectoral / Thematic Mutual Funds,238
ICICI Pru Banking & PSU Debt Fund,100352,0.38,0.1,5.8,6.9,7.2,Banking and PSU Mutual Funds,443.9,ICICI Pru Banking & PSU Debt Fund - Banking and PSU Mutual Funds,239
ICICI Pru Bluechip Fund,100353,1.06,0.5,4.4,28.2,12.3,Large Cap Mutual Funds,22.59,ICICI Pru Bluechip Fund - Large Cap Mutual Funds,240
ICICI Pru Bond Fund,100354,0.6,0.2,5.2,6.9,7.3,Medium to Long Duration Funds,823.03,ICICI Pru Bond Fund - Medium to Long Duration Funds,241
ICICI Pru Child Care Fund,100355,1.69,0.5,1.0,19.8,8.8,Childrens Funds,40.1,ICICI Pru Child Care Fund - Childrens Funds,242
ICICI Pru Corporate Bond Fund,100356,0.3,0.1,5.8,7.0,7.3,Corporate Bond Mutual Funds,354.32,ICICI Pru Corporate Bond Fund - Corporate Bond Mutual Funds,243
ICICI Pru Credit Risk Fund,100357,0.86,0.3,5.8,8.0,8.1,Credit Risk Funds,101.4288,ICICI Pru Credit Risk Fund - Credit Risk Funds,244
ICICI Pru Debt Management Fund,100358,0.41,0.2,5.8,6.7,7.0,FoFs Domestic,100.1178,ICICI Pru Debt Management Fund - FoFs Domestic,245
ICICI Pru Dividend Yield Equity Fund,100359,0.66,0.5,8.5,37.6,12.1,Dividend Yield Funds,118.5152,ICICI Pru Dividend Yield Equity Fund - Dividend Yield Funds,246
ICICI Pru Equity & Debt Fund,100360,1.2,0.5,6.8,30.6,14.3,Aggressive Hybrid Mutual Funds,118.7538,ICICI Pru Equity & Debt Fund - Aggressive Hybrid Mutual Funds,247
ICICI Pru Equity – Arbitrage Fund,100361,0.39,0.0,5.6,4.8,5.5,Arbitrage Mutual Funds,100.4302,ICICI Pru Equity – Arbitrage Fund - Arbitrage Mutual Funds,248
ICICI Pru Equity Savings Fund,100362,0.54,0.1,6.2,12.7,7.9,Equity Savings Mutual Funds,310.9995,ICICI Pru Equity Savings Fund - Equity Savings Mutual Funds,249
ICICI Pru Exports and Services Fund,100363,1.76,0.5,5.7,30.7,11.4,Sectoral / Thematic Mutual Funds,190.86,ICICI Pru Exports and Services Fund - Sectoral / Thematic Mutual Funds,250
ICICI Pru Floating Interest Fund,100364,0.62,0.1,6.3,7.0,7.2,Floater Mutual Funds,11.1771,ICICI Pru Floating Interest Fund - Floater Mutual Funds,251
ICICI Pru FMCG Fund,100365,1.44,0.5,21.1,24.5,13.5,Sectoral / Thematic Mutual Funds,86.9919,ICICI Pru FMCG Fund - Sectoral / Thematic Mutual Funds,252
ICICI Pru Focused Equity Fund,100366,0.59,0.5,6.1,31.2,13.4,Focused Funds,11.7562,ICICI Pru Focused Equity Fund - Focused Funds,253
ICICI Pru Gilt Fund,100367,0.56,0.2,6.3,6.7,8.4,Gilt Mutual Funds,12.4248,ICICI Pru Gilt Fund - Gilt Mutual Funds,254
ICICI Pru Income Optimizer Fund,100368,0.26,0.2,7.8,13.3,8.8,FoFs Domestic,18.4639,ICICI Pru Income Optimizer Fund - FoFs Domestic,255
ICICI Pru Infrastructure Fund,100369,1.64,0.5,24.3,44.0,15.1,Sectoral / Thematic Mutual Funds,99.3008,ICICI Pru Infrastructure Fund - Sectoral / Thematic Mutual Funds,256
ICICI Pru Large & Mid Cap Fund,100370,1.09,0.5,9.5,33.2,13.7,Large & Mid Cap Funds,12.1349,ICICI Pru Large & Mid Cap Fund - Large & Mid Cap Funds,257
ICICI Pru Liquid Fund,100371,0.2,0.2,5.6,4.3,5.3,Liquid Mutual Funds,43.635,ICICI Pru Liquid Fund - Liquid Mutual Funds,258
ICICI Pru Long Term Equity Fund,100372,1.23,0.5,-0.2,27.1,11.5,ELSS Mutual Funds,11.2589,ICICI Pru Long Term Equity Fund - ELSS Mutual Funds,259
ICICI Pru Long Term Wealth Enhancement Fund,100952,0.97,0.5,-0.7,33.7,11.3,ELSS Mutual Funds,48.1366,ICICI Pru Long Term Wealth Enhancement Fund - ELSS Mutual Funds,260
ICICI Pru Medium Term Bond Fund,100953,0.77,0.3,5.6,7.7,7.6,Medium Duration Funds,12.3602,ICICI Pru Medium Term Bond Fund - Medium Duration Funds,261
ICICI Pru MidCap Fund,100954,1.16,0.5,3.9,32.9,11.1,Mid Cap Mutual Funds,13.5226,ICICI Pru MidCap Fund - Mid Cap Mutual Funds,262
ICICI Pru Money Market Fund,100955,0.21,0.2,5.5,5.4,6.1,Money Market Funds,12.8248,ICICI Pru Money Market Fund - Money Market Funds,263
ICICI Pru Multi-Asset Fund,101098,1.15,0.5,11.3,31.3,14.2,Multi Asset Allocation Mutual Funds,69.6122,ICICI Pru Multi-Asset Fund - Multi Asset Allocation Mutual Funds,264
ICICI Pru Multicap Fund,101127,1.02,0.5,5.7,29.1,11.8,Multi Cap Funds,288.92,ICICI Pru Multicap Fund - Multi Cap Funds,265
ICICI Pru Nifty 50 Index Fund,101143,0.17,0.5,0.9,26.1,11.9,Index Funds,32.2289,ICICI Pru Nifty 50 Index Fund - Index Funds,266
ICICI Pru Nifty Next 50 Index Fund,101144,0.3,0.5,-6.4,22.0,6.1,Index Funds,700.1048,ICICI Pru Nifty Next 50 Index Fund - Index Funds,267
ICICI Pru Passive Strategy Fund,101165,0.06,0.5,4.9,26.3,10.9,FoFs Domestic,12.0755,ICICI Pru Passive Strategy Fund - FoFs Domestic,268
ICICI Pru Regular Gold Savings Fund,101221,0.09,0.4,14.3,11.7,13.1,FoFs Domestic,306.6704,ICICI Pru Regular Gold Savings Fund - FoFs Domestic,269
ICICI Pru Regular Savings Fund,101228,0.99,0.3,5.5,11.3,9.0,Conservative Hybrid Mutual Funds,708.13,ICICI Pru Regular Savings Fund - Conservative Hybrid Mutual Funds,270
ICICI Pru Retirement Fund,101229,1.12,0.5,1.7,32.4,13.3,Retirement Funds,12.6927,ICICI Pru Retirement Fund - Retirement Funds,271
ICICI Pru S&P BSE Sensex Index Fund,101230,0.16,0.5,1.4,25.8,12.9,Index Funds,12.8807,ICICI Pru S&P BSE Sensex Index Fund - Index Funds,272
ICICI Pru Savings Fund,101231,0.4,0.1,5.7,6.2,6.7,Low Duration Funds,43.8071,ICICI Pru Savings Fund - Low Duration Funds,273
ICICI Pru Short Term Fund,101349,0.39,0.2,6.4,7.5,7.7,Short Duration Funds,225.613,ICICI Pru Short Term Fund - Short Duration Funds,274
ICICI Pru Smallcap Fund,101350,0.81,0.5,7.7,41.8,14.9,Small Cap Mutual Funds,49.3216,ICICI Pru Smallcap Fund - Small Cap Mutual Funds,275
ICICI Pru Technology Fund,101351,0.99,0.5,-19.7,45.3,21.6,Sectoral / Thematic Mutual Funds,10.8879,ICICI Pru Technology Fund - Sectoral / Thematic Mutual Funds,276
ICICI Pru Thematic Advantage Fund,101617,0.25,0.5,5.4,35.4,14.6,FoFs Domestic,105.4707,ICICI Pru Thematic Advantage Fund - FoFs Domestic,277
ICICI Pru Ultra Short Term Fund,101618,0.39,0.2,5.7,5.9,6.7,Ultra Short Duration Funds,105.7358,ICICI Pru Ultra Short Term Fund - Ultra Short Duration Funds,278
ICICI Pru Value Discovery Fund,101619,1.22,0.5,8.9,36.9,14.9,Value Funds,528.4235,ICICI Pru Value Discovery Fund - Value Funds,279
IDBI Credit Risk Fund,113062,0.61,0.3,4.3,11.3,3.7,Credit Risk Funds,34.5711,IDBI Credit Risk Fund - Credit Risk Funds,280
IDBI Equity Advantage Fund,113063,1.21,0.5,-0.7,33.7,11.3,ELSS Mutual Funds,36.2325,IDBI Equity Advantage Fund - ELSS Mutual Funds,281
IDBI Equity Savings Fund,113096,1.15,0.3,2.5,11.8,7.2,Equity Savings Mutual Funds,2453.6952,IDBI Equity Savings Fund - Equity Savings Mutual Funds,282
IDBI Focused 30 Equity Fund,113102,1.61,0.5,0.1,25.2,10.2,Focused Funds,1005.2683,IDBI Focused 30 Equity Fund - Focused Funds,283
IDBI Gold Fund,113103,0.26,0.4,15.0,12.1,12.9,FoFs Domestic,1023.7528,IDBI Gold Fund - FoFs Domestic,284
IDBI Hybrid Equity Fund,113104,1.67,0.5,-1.8,17.5,7.0,Aggressive Hybrid Mutual Funds,1004.0142,IDBI Hybrid Equity Fund - Aggressive Hybrid Mutual Funds,285
IDBI India Top 100 Equity Fund,113249,1.26,0.5,0.5,26.0,12.4,Large Cap Mutual Funds,33.3456,IDBI India Top 100 Equity Fund - Large Cap Mutual Funds,286
IDBI Liquid Fund,113250,0.13,0.1,5.6,4.4,5.4,Liquid Mutual Funds,33.3456,IDBI Liquid Fund - Liquid Mutual Funds,287
IDBI Midcap Fund,113251,1.62,0.5,-2.9,25.1,7.7,Mid Cap Mutual Funds,2424.2392,IDBI Midcap Fund - Mid Cap Mutual Funds,288
IDBI Nifty 50 Index Fund,113252,0.32,0.5,0.8,25.8,11.8,Index Funds,1017.0054,IDBI Nifty 50 Index Fund - Index Funds,289
IDBI Nifty Next 50 Index Fund,113253,0.32,0.5,-6.1,21.8,6.2,Index Funds,1100.9421,IDBI Nifty Next 50 Index Fund - Index Funds,290
IDBI Short Term Bond Fund,113254,0.28,0.1,4.1,9.4,6.9,Short Duration Funds,1118.4408,IDBI Short Term Bond Fund - Short Duration Funds,291
IDBI Small Cap Fund,114630,1.54,0.5,2.1,38.5,12.6,Small Cap Mutual Funds,17.6686,IDBI Small Cap Fund - Small Cap Mutual Funds,292
IDBI Ultra Short Term Fund,114633,0.25,0.1,5.4,5.1,5.9,Ultra Short Duration Funds,10.0,IDBI Ultra Short Term Fund - Ultra Short Duration Funds,293
IIFL Dynamic Bond Fund,122612,0.27,0.2,3.3,6.0,6.5,Dynamic Bond,21.7729,IIFL Dynamic Bond Fund - Dynamic Bond,294
IIFL Focused Equity Fund,131579,0.9,0.5,4.7,29.2,18.1,Focused Funds,37.7543,IIFL Focused Equity Fund - Focused Funds,295
IIFL Liquid Fund,125337,0.2,0.2,5.5,3.9,4.8,Liquid Mutual Funds,1005.3698,IIFL Liquid Fund - Liquid Mutual Funds,296
Indiabulls Arbitrage Fund,115991,0.58,0.0,4.3,3.3,4.5,Arbitrage Mutual Funds,2469.4443,Indiabulls Arbitrage Fund - Arbitrage Mutual Funds,297
Indiabulls Bluechip Fund,115992,1.27,0.5,2.0,21.3,9.5,Large Cap Mutual Funds,1001.1452,Indiabulls Bluechip Fund - Large Cap Mutual Funds,298
Indiabulls Liquid Fund,115993,0.22,0.1,5.4,4.0,5.2,Liquid Mutual Funds,1002.1398,Indiabulls Liquid Fund - Liquid Mutual Funds,299
Indiabulls Short Term Fund,115994,0.38,0.2,4.4,5.1,5.9,Short Duration Funds,1002.5357,Indiabulls Short Term Fund - Short Duration Funds,300
Indiabulls Tax Savings Fund,115995,0.5,0.5,1.0,22.3,7.8,ELSS Mutual Funds,1001.4024,Indiabulls Tax Savings Fund - ELSS Mutual Funds,301
Indiabulls Value Fund,116424,0.5,0.5,-0.2,25.6,6.3,Value Funds,2021.6434,Indiabulls Value Fund - Value Funds,302
Invesco India Arbitrage Fund,104483,0.38,0.0,6.4,5.0,5.6,Arbitrage Mutual Funds,1001.25,Invesco India Arbitrage Fund - Arbitrage Mutual Funds,303
Invesco India Banking & PSU Debt Fund,104484,0.28,0.2,2.3,5.8,6.4,Banking and PSU Mutual Funds,1002.7594,Invesco India Banking & PSU Debt Fund - Banking and PSU Mutual Funds,304
Invesco India Contra Fund,104485,0.62,0.5,2.8,27.6,12.3,Contra Funds,1018.911,Invesco India Contra Fund - Contra Funds,305
Invesco India Corporate Bond Fund,104486,0.28,0.1,3.7,6.4,6.9,Corporate Bond Mutual Funds,3510.5844,Invesco India Corporate Bond Fund - Corporate Bond Mutual Funds,306
Invesco India Credit Risk Fund,104487,0.28,0.1,4.4,6.0,3.5,Credit Risk Funds,0.0,Invesco India Credit Risk Fund - Credit Risk Funds,307
Invesco India Dynamic Equity Fund,104488,0.95,0.5,3.9,15.4,7.4,Dynamic Asset Allocation or Balanced Advantage,3113.9548,Invesco India Dynamic Equity Fund - Dynamic Asset Allocation or Balanced Advantage,308
Invesco India Financial Services Fund,104489,1.08,0.5,5.9,22.6,10.9,Sectoral / Thematic Mutual Funds,1003.2309,Invesco India Financial Services Fund - Sectoral / Thematic Mutual Funds,309
Invesco India Gilt Fund,104490,0.48,0.1,4.9,4.2,6.7,Gilt Mutual Funds,1000.5785,Invesco India Gilt Fund - Gilt Mutual Funds,310
Invesco India Gold Fund,104491,0.16,0.4,13.2,11.5,13.2,FoFs Domestic,1904.6006,Invesco India Gold Fund - FoFs Domestic,311
Invesco India Growth Opportunities Fund,104492,0.66,0.5,0.8,22.8,11.0,Large & Mid Cap Funds,1004.1992,Invesco India Growth Opportunities Fund - Large & Mid Cap Funds,312
Invesco India Infrastructure Fund,104635,1.08,0.5,8.9,33.2,14.6,Sectoral / Thematic Mutual Funds,24.26,Invesco India Infrastructure Fund - Sectoral / Thematic Mutual Funds,313
Invesco India Largecap Fund,104636,0.81,0.5,-1.8,24.0,11.1,Large Cap Mutual Funds,111.48,Invesco India Largecap Fund - Large Cap Mutual Funds,314
Invesco India Liquid Fund,104722,0.15,0.1,5.6,4.3,5.3,Liquid Mutual Funds,1388.4717,Invesco India Liquid Fund - Liquid Mutual Funds,315
Invesco India Midcap Fund,104723,0.72,0.5,0.2,33.5,14.6,Mid Cap Mutual Funds,1324.6886,Invesco India Midcap Fund - Mid Cap Mutual Funds,316
Invesco India Money Market Fund,104724,0.22,0.1,5.0,5.1,5.8,Money Market Funds,2035.6443,Invesco India Money Market Fund - Money Market Funds,317
Invesco India Multicap Fund,104725,0.65,0.5,1.4,27.0,11.0,Multi Cap Funds,1230.8533,Invesco India Multicap Fund - Multi Cap Funds,318
Invesco India PSU Equity Fund,104726,0.96,0.5,16.2,26.5,12.6,Sectoral / Thematic Mutual Funds,3682.0065,Invesco India PSU Equity Fund - Sectoral / Thematic Mutual Funds,319
Invesco India Short Term Fund,104727,0.35,0.1,3.9,6.2,6.8,Short Duration Funds,1658.8667,Invesco India Short Term Fund - Short Duration Funds,320
Invesco India Tax Plan – Direct Growth,104728,0.92,0.5,-5.2,22.4,10.8,ELSS Mutual Funds,3285.6011,Invesco India Tax Plan – Direct Growth - ELSS Mutual Funds,321
Invesco India Treasury Advantage Fund,104729,0.32,0.1,4.9,5.6,6.4,Low Duration Funds,1341.8843,Invesco India Treasury Advantage Fund - Low Duration Funds,322
Invesco India Ultra Short Term Fund,105024,0.24,0.1,5.4,5.1,6.0,Ultra Short Duration Funds,1634.1603,Invesco India Ultra Short Term Fund - Ultra Short Duration Funds,323
JM Arbitrage Fund,103780,0.36,0.0,5.4,3.7,4.5,Arbitrage Mutual Funds,32.0104,JM Arbitrage Fund - Arbitrage Mutual Funds,324
JM Dynamic Bond Fund,101805,0.63,0.1,4.8,6.0,6.1,Dynamic Bond,40.2693,JM Dynamic Bond Fund - Dynamic Bond,325
JM Equity Hybrid Fund,100220,1.37,0.5,8.0,29.5,11.2,Aggressive Hybrid Mutual Funds,30.9378,JM Equity Hybrid Fund - Aggressive Hybrid Mutual Funds,326
JM Flexicap Fund,120491,1.62,0.5,5.2,30.7,13.8,Flexi Cap Funds,91.435,JM Flexicap Fund - Flexi Cap Funds,327
JM Focused Fund,120488,1.58,0.5,3.1,19.4,8.6,Focused Funds,20.8044,JM Focused Fund - Focused Funds,328
JM Large Cap Fund,100218,1.8,0.5,1.8,18.3,10.4,Large Cap Mutual Funds,26.7752,JM Large Cap Fund - Large Cap Mutual Funds,329
JM Liquid Fund,100233,0.15,0.1,5.6,4.2,5.3,Liquid Mutual Funds,11.0073,JM Liquid Fund - Liquid Mutual Funds,330
JM Low Duration Fund,143603,0.34,0.1,5.1,11.5,5.3,Low Duration Funds,10.82,JM Low Duration Fund - Low Duration Funds,331
JM Medium to Long Duration Fund,100222,0.48,0.2,2.5,4.8,3.1,Medium to Long Duration Funds,20.4439,JM Medium to Long Duration Fund - Medium to Long Duration Funds,332
JM Tax Gain Fund,107288,1.45,0.5,0.9,26.2,12.8,ELSS Mutual Funds,43.4384,JM Tax Gain Fund - ELSS Mutual Funds,333
JM Value Fund,100254,1.87,0.5,7.7,28.9,12.4,Value Funds,86.6668,JM Value Fund - Value Funds,334
Kotak Banking and PSU Debt Fund,100261,0.37,0.2,4.7,6.7,7.5,Banking and PSU Mutual Funds,10.7834,Kotak Banking and PSU Debt Fund - Banking and PSU Mutual Funds,335
Kotak Bluechip Fund,100262,0.64,0.5,3.3,26.8,12.6,Large Cap Mutual Funds,26.3699,Kotak Bluechip Fund - Large Cap Mutual Funds,336
Kotak Bond – Short Term Fund,100263,0.36,0.2,4.4,6.5,7.2,Short Duration Funds,15.6902,Kotak Bond – Short Term Fund - Short Duration Funds,337
Kotak Bond Fund,100264,0.63,0.1,4.1,6.4,7.7,Medium to Long Duration Funds,18.2766,Kotak Bond Fund - Medium to Long Duration Funds,338
Kotak Corporate Bond Fund,100265,0.32,0.1,4.5,6.4,7.1,Corporate Bond Mutual Funds,93.5329,Kotak Corporate Bond Fund - Corporate Bond Mutual Funds,339
Kotak Credit Risk Fund,100278,0.74,0.4,1.6,5.9,6.4,Credit Risk Funds,10.00523,Kotak Credit Risk Fund - Credit Risk Funds,340
Kotak Debt Hybrid Fund,100279,0.44,0.3,6.1,14.3,10.0,Conservative Hybrid Mutual Funds,10.20583,Kotak Debt Hybrid Fund - Conservative Hybrid Mutual Funds,341
Kotak Dynamic Bond Fund,100280,0.4,0.2,3.9,6.6,7.8,Dynamic Bond,11.9471,Kotak Dynamic Bond Fund - Dynamic Bond,342
Kotak Emerging Equity Fund,100281,0.49,0.5,6.6,34.0,15.2,Mid Cap Mutual Funds,95.6905,Kotak Emerging Equity Fund - Mid Cap Mutual Funds,343
Kotak Equity Arbitrage Fund,100286,0.43,0.0,5.8,4.9,5.6,Arbitrage Mutual Funds,32.488,Kotak Equity Arbitrage Fund - Arbitrage Mutual Funds,344
Kotak Equity Hybrid Fund,100289,0.58,0.5,5.0,26.9,12.8,Aggressive Hybrid Mutual Funds,5.948,Kotak Equity Hybrid Fund - Aggressive Hybrid Mutual Funds,345
Kotak Equity Opportunities – Direct Growth,100290,0.6,0.5,6.2,28.8,13.9,Large & Mid Cap Funds,25.009,Kotak Equity Opportunities – Direct Growth - Large & Mid Cap Funds,346
Kotak Equity Savings Fund,100291,1.02,0.3,6.6,14.4,9.2,Equity Savings Mutual Funds,13.6554,Kotak Equity Savings Fund - Equity Savings Mutual Funds,347
Kotak Flexi Cap Fund,100292,0.68,0.5,3.8,25.0,11.7,Flexi Cap Funds,42.9354,Kotak Flexi Cap Fund - Flexi Cap Funds,348
Kotak Gilt – Invest Plan – Direct Growth,100298,0.41,0.1,5.2,6.3,8.4,Gilt Mutual Funds,13.2653,Kotak Gilt – Invest Plan – Direct Growth - Gilt Mutual Funds,349
Kotak Gilt Invest – PF & Trust Plan – Direct Growth,100299,0.41,0.1,5.2,6.3,8.4,Gilt Mutual Funds,74.4261,Kotak Gilt Invest – PF & Trust Plan – Direct Growth - Gilt Mutual Funds,350
Kotak Gold Fund,100300,0.18,0.4,14.2,12.2,13.7,FoFs Domestic,45.5984,Kotak Gold Fund - FoFs Domestic,351
Kotak India EQ Contra Fund,100301,0.81,0.5,7.3,29.7,14.2,Contra Funds,30.696,Kotak India EQ Contra Fund - Contra Funds,352
Kotak India Growth Fund,100828,0.34,0.5,4.8,35.5,15.6,Multi Cap Funds,1002.9403,Kotak India Growth Fund - Multi Cap Funds,353
Kotak Infrastructure & Ecoc. Reform-SP-DirGrowth,100829,1.0,0.5,23.2,39.7,13.9,Sectoral / Thematic Mutual Funds,2893.5255,Kotak Infrastructure & Ecoc. Reform-SP-DirGrowth - Sectoral / Thematic Mutual Funds,354
Kotak Liquid Fund,100830,0.15,0.2,5.6,4.3,5.3,Liquid Mutual Funds,3046.6062,Kotak Liquid Fund - Liquid Mutual Funds,355
Kotak Low Duration Fund,100831,0.43,0.2,5.4,6.2,6.9,Low Duration Funds,1222.81,Kotak Low Duration Fund - Low Duration Funds,356
Kotak Medium Term Fund,100832,0.58,0.2,4.0,7.0,6.6,Medium Duration Funds,1011.079,Kotak Medium Term Fund - Medium Duration Funds,357
Kotak Money Market Fund,100833,0.26,0.2,5.6,5.1,6.1,Money Market Funds,1222.81,Kotak Money Market Fund - Money Market Funds,358
Kotak Multi Asset Allocator FoF – Dynamic – Direct Growth,100834,0.13,0.4,11.2,25.0,15.3,FoFs Domestic,1000.476,Kotak Multi Asset Allocator FoF – Dynamic – Direct Growth - FoFs Domestic,359
Kotak Savings Fund,100835,0.37,0.2,5.5,5.2,6.2,Ultra Short Duration Funds,5162.277,Kotak Savings Fund - Ultra Short Duration Funds,360
Kotak Small Cap Fund,100836,0.59,0.5,-0.7,43.1,17.0,Small Cap Mutual Funds,10.0071,Kotak Small Cap Fund - Small Cap Mutual Funds,361
Kotak Tax Saver Fund,101372,0.69,0.5,5.0,28.9,14.4,ELSS Mutual Funds,10.0545,Kotak Tax Saver Fund - ELSS Mutual Funds,362
L&T India Large Cap Fund,118069,1.49,0.5,0.8,33.0,12.1,Large Cap Mutual Funds,42.2231,L&T India Large Cap Fund - Large Cap Mutual Funds,363
LIC MF Banking & Fina Serv Fund,100312,1.54,0.5,13.9,22.7,8.5,Sectoral / Thematic Mutual Funds,26.9092,LIC MF Banking & Fina Serv Fund - Sectoral / Thematic Mutual Funds,364
LIC MF Banking & PSU Debt Fund,100313,0.28,0.1,4.2,5.7,6.8,Banking and PSU Mutual Funds,85.2739,LIC MF Banking & PSU Debt Fund - Banking and PSU Mutual Funds,365
LIC MF Bond Fund,100314,0.21,0.2,4.4,4.7,6.2,Medium to Long Duration Funds,15.3072,LIC MF Bond Fund - Medium to Long Duration Funds,366
LIC MF Children’s Gift Fund,100315,1.86,0.5,-1.9,17.1,7.6,Childrens Funds,69.8337,LIC MF Children’s Gift Fund - Childrens Funds,367
LIC MF Debt Hybrid Fund,100316,1.34,0.3,2.5,8.1,6.7,Conservative Hybrid Mutual Funds,16.6922,LIC MF Debt Hybrid Fund - Conservative Hybrid Mutual Funds,368
LIC MF Equity Hybrid Fund,100317,1.43,0.5,-0.5,15.1,8.3,Aggressive Hybrid Mutual Funds,57.9086,LIC MF Equity Hybrid Fund - Aggressive Hybrid Mutual Funds,369
LIC MF Flexi Cap Fund,100318,1.74,0.5,-0.9,18.3,8.8,Flexi Cap Funds,21.643,LIC MF Flexi Cap Fund - Flexi Cap Funds,370
LIC MF G-Sec Fund,100319,0.76,0.1,3.3,4.9,7.7,Gilt Mutual Funds,33.446,LIC MF G-Sec Fund - Gilt Mutual Funds,371
LIC MF Infrastructure Fund,100321,1.47,0.5,6.7,29.8,11.2,Sectoral / Thematic Mutual Funds,14.8007,LIC MF Infrastructure Fund - Sectoral / Thematic Mutual Funds,372
LIC MF Large & Mid Cap Fund,100323,0.84,0.5,-4.3,22.8,10.9,Large & Mid Cap Funds,174.8393,LIC MF Large & Mid Cap Fund - Large & Mid Cap Funds,373
LIC MF Large Cap Fund,100325,1.39,0.5,-3.2,19.7,10.9,Large Cap Mutual Funds,33.4775,LIC MF Large Cap Fund - Large Cap Mutual Funds,374
LIC MF Liquid Fund,100332,0.16,0.2,5.6,4.4,5.3,Liquid Mutual Funds,29.9666,LIC MF Liquid Fund - Liquid Mutual Funds,375
LIC MF Nifty 50 Index Fund,100864,0.2,0.5,1.0,25.8,11.7,Index Funds,29.2112,LIC MF Nifty 50 Index Fund - Index Funds,376
LIC MF S&P BSE Sensex Index Fund,100865,0.38,0.5,2.2,25.4,12.6,Index Funds,139.5372,LIC MF S&P BSE Sensex Index Fund - Index Funds,377
LIC MF Savings Fund,101184,0.27,0.1,5.0,5.9,5.6,Low Duration Funds,1000.1751,LIC MF Savings Fund - Low Duration Funds,378
LIC MF Tax Plan – Direct Growth,101185,1.47,0.5,-1.9,20.5,9.9,ELSS Mutual Funds,4619.1568,LIC MF Tax Plan – Direct Growth - ELSS Mutual Funds,379
Mahindra Manulife ELSS Fund,139534,0.73,0.5,2.3,29.3,12.0,ELSS Mutual Funds,1000.5686,Mahindra Manulife ELSS Fund - ELSS Mutual Funds,380
Mahindra Manulife Equity Savings Fund,139535,0.7,0.3,1.7,32.4,13.3,Equity Savings Mutual Funds,1182.5325,Mahindra Manulife Equity Savings Fund - Equity Savings Mutual Funds,381
Mahindra Manulife Liquid Fund,139536,0.15,0.2,5.7,4.5,5.4,Liquid Mutual Funds,1004.2835,Mahindra Manulife Liquid Fund - Liquid Mutual Funds,382
Mahindra Manulife Low Duration Fund,139537,0.37,0.2,5.2,5.5,6.4,Low Duration Funds,1662.5211,Mahindra Manulife Low Duration Fund - Low Duration Funds,383
Mahindra Manulife Mid Cap Fund,139538,0.66,0.5,3.7,31.0,14.7,Mid Cap Mutual Funds,1679.7539,Mahindra Manulife Mid Cap Fund - Mid Cap Mutual Funds,384
Mahindra Manulife Multi Cap Fund,139539,0.49,0.5,1.2,32.6,15.8,Multi Cap Funds,1218.6343,Mahindra Manulife Multi Cap Fund - Multi Cap Funds,385
Mirae Asset Cash Management Fund,107578,0.17,0.1,5.6,4.3,5.3,Liquid Mutual Funds,100.763,Mirae Asset Cash Management Fund - Liquid Mutual Funds,386
Mirae Asset Dynamic Bond Fund,107579,0.18,0.2,2.8,4.5,7.2,Dynamic Bond,27.992,Mirae Asset Dynamic Bond Fund - Dynamic Bond,387
Mirae Asset Emerging Bluechip Fund,107589,0.68,0.5,-1.2,29.4,15.1,Large & Mid Cap Funds,10.773,Mirae Asset Emerging Bluechip Fund - Large & Mid Cap Funds,388
Mirae Asset Great Consumer Fund,107646,0.5,0.5,8.1,27.2,14.0,Sectoral / Thematic Mutual Funds,1168.6935,Mirae Asset Great Consumer Fund - Sectoral / Thematic Mutual Funds,389
Mirae Asset Hybrid – Equity Fund,107647,0.36,0.5,1.7,21.9,12.2,Aggressive Hybrid Mutual Funds,1171.5763,Mirae Asset Hybrid – Equity Fund - Aggressive Hybrid Mutual Funds,390
Mirae Asset Large Cap Fund,107648,0.53,0.5,0.6,25.3,12.1,Large Cap Mutual Funds,1227.39,Mirae Asset Large Cap Fund - Large Cap Mutual Funds,391
Mirae Asset Savings Fund,107649,0.37,0.1,5.2,5.6,5.9,Low Duration Funds,1039.5721,Mirae Asset Savings Fund - Low Duration Funds,392
Mirae Asset Short Term Fund,107656,0.31,0.1,4.5,6.1,6.7,Short Duration Funds,1052.4259,Mirae Asset Short Term Fund - Short Duration Funds,393
Mirae Asset Tax Saver Fund,107657,0.54,0.5,0.6,30.3,15.3,ELSS Mutual Funds,1000.1541,Mirae Asset Tax Saver Fund - ELSS Mutual Funds,394
Motilal Oswal Balance Advantage Fund,117141,1.19,0.5,0.3,9.9,5.6,Dynamic Asset Allocation or Balanced Advantage,2529.5576,Motilal Oswal Balance Advantage Fund - Dynamic Asset Allocation or Balanced Advantage,395
Motilal Oswal Equity Hybrid Fund,122388,0.94,0.5,1.7,32.4,13.3,Aggressive Hybrid Mutual Funds,17.3402,Motilal Oswal Equity Hybrid Fund - Aggressive Hybrid Mutual Funds,396
Motilal Oswal Flexi Cap Fund,122389,0.97,0.5,-1.6,16.4,4.9,Flexi Cap Funds,42.5172,Motilal Oswal Flexi Cap Fund - Flexi Cap Funds,397
Motilal Oswal Focused Fund,122390,1.0,0.5,2.6,20.4,10.6,Focused Funds,20.0982,Motilal Oswal Focused Fund - Focused Funds,398
Motilal Oswal Long Term Equity Fund,124233,0.8,0.5,8.5,25.0,10.0,ELSS Mutual Funds,16.1733,Motilal Oswal Long Term Equity Fund - ELSS Mutual Funds,399
Motilal Oswal Midcap Fund,124303,0.87,0.5,14.6,34.0,16.4,Mid Cap Mutual Funds,11.4495,Motilal Oswal Midcap Fund - Mid Cap Mutual Funds,400
Motilal Oswal Ultra Short Term Fund,124305,0.58,0.0,4.7,3.9,1.8,Ultra Short Duration Funds,11.7572,Motilal Oswal Ultra Short Term Fund - Ultra Short Duration Funds,401
Navi 3 In 1 Fund,112408,0.34,0.5,0.2,32.6,12.4,Multi Asset Allocation Mutual Funds,2251.9395,Navi 3 In 1 Fund - Multi Asset Allocation Mutual Funds,402
Navi Large & Midcap Fund,112645,0.35,0.5,1.6,28.7,12.7,Large & Mid Cap Funds,10.0129,Navi Large & Midcap Fund - Large & Mid Cap Funds,403
Navi Large Cap Equity Fund,112647,0.31,0.5,0.2,32.6,12.4,Large Cap Mutual Funds,10.023,Navi Large Cap Equity Fund - Large Cap Mutual Funds,404
Navi Regular Savings Fund,112648,0.39,0.3,4.4,8.4,6.5,Conservative Hybrid Mutual Funds,1015.6219,Navi Regular Savings Fund - Conservative Hybrid Mutual Funds,405
Navi Ultra Short Term Fund,113142,0.73,0.1,1.7,32.4,13.3,Ultra Short Duration Funds,26.1285,Navi Ultra Short Term Fund - Ultra Short Duration Funds,406
Nippon India Arbitrage Fund,100379,0.21,0.0,5.6,4.9,5.7,Arbitrage Mutual Funds,217.0112,Nippon India Arbitrage Fund - Arbitrage Mutual Funds,407
Nippon India Balanced Advantage Fund,100383,0.65,0.4,5.3,17.1,10.1,Dynamic Asset Allocation or Balanced Advantage,10.7836,Nippon India Balanced Advantage Fund - Dynamic Asset Allocation or Balanced Advantage,408
Nippon India Banking & PSU Debt Fund,100385,0.33,0.2,4.2,6.9,7.4,Banking and PSU Mutual Funds,12.6072,Nippon India Banking & PSU Debt Fund - Banking and PSU Mutual Funds,409
Nippon India Banking&Financial Services-DirGrowth,100386,1.32,0.5,8.8,28.3,9.5,Sectoral / Thematic Mutual Funds,13.5794,Nippon India Banking&Financial Services-DirGrowth - Sectoral / Thematic Mutual Funds,410
Nippon India Consumption Fund,100387,1.76,0.5,12.1,30.6,14.6,Sectoral / Thematic Mutual Funds,87.0392,Nippon India Consumption Fund - Sectoral / Thematic Mutual Funds,411
Nippon India Corporate Bond Fund,100837,0.32,0.2,5.1,6.8,7.0,Corporate Bond Mutual Funds,5530.142,Nippon India Corporate Bond Fund - Corporate Bond Mutual Funds,412
Nippon India Credit Risk Fund,100838,1.0,0.4,4.8,9.5,4.4,Credit Risk Funds,1035.142,Nippon India Credit Risk Fund - Credit Risk Funds,413
Nippon India Dynamic Bond Fund,100851,0.28,0.2,3.6,5.6,6.7,Dynamic Bond,6233.4815,Nippon India Dynamic Bond Fund - Dynamic Bond,414
Nippon India Equity Hybrid Fund,100853,1.31,0.4,4.2,24.3,5.9,Aggressive Hybrid Mutual Funds,1531.903,Nippon India Equity Hybrid Fund - Aggressive Hybrid Mutual Funds,415
Nippon India Equity Savings Fund,100856,0.69,0.1,3.9,12.2,1.3,Equity Savings Mutual Funds,57.9143,Nippon India Equity Savings Fund - Equity Savings Mutual Funds,416
Nippon India Floating Rate Fund,100858,0.27,0.2,4.5,6.9,7.1,Floater Mutual Funds,12.052,Nippon India Floating Rate Fund - Floater Mutual Funds,417
Nippon India Focused Equity Fund,100859,1.2,0.5,3.2,33.0,11.9,Focused Funds,41.362,Nippon India Focused Equity Fund - Focused Funds,418
Nippon India Gold Savings Fund,101665,0.19,0.4,14.2,11.7,13.1,FoFs Domestic,51.0476,Nippon India Gold Savings Fund - FoFs Domestic,419
Nippon India Growth Fund,101667,1.09,0.5,5.6,32.4,14.5,Mid Cap Mutual Funds,11.4853,Nippon India Growth Fund - Mid Cap Mutual Funds,420
Nippon India GSF – Direct Growth,101862,0.63,0.1,4.4,5.5,8.3,Gilt Mutual Funds,543.0243,Nippon India GSF – Direct Growth - Gilt Mutual Funds,421
Nippon India Hybrid Bond Fund,101864,1.26,0.5,5.1,9.6,3.4,Conservative Hybrid Mutual Funds,62.2205,Nippon India Hybrid Bond Fund - Conservative Hybrid Mutual Funds,422
Nippon India Income Fund,102172,0.58,0.1,6.0,5.8,7.9,Medium to Long Duration Funds,55.1697,Nippon India Income Fund - Medium to Long Duration Funds,423
Nippon India Index Fund,102173,0.15,0.5,1.5,25.6,13.0,Index Funds,11.0574,Nippon India Index Fund - Index Funds,424
Nippon India Index Fund,102174,0.2,0.5,0.9,26.0,11.9,Index Funds,12.1491,Nippon India Index Fund - Index Funds,425
Nippon India Large Cap Fund,102431,1.01,0.5,8.4,29.5,12.6,Large Cap Mutual Funds,468.4851,Nippon India Large Cap Fund - Large Cap Mutual Funds,426
Nippon India Liquid Fund,102432,0.2,0.1,5.6,4.4,5.4,Liquid Mutual Funds,468.4851,Nippon India Liquid Fund - Liquid Mutual Funds,427
Nippon India Low Duration Fund,102433,0.37,0.1,5.3,6.2,6.5,Low Duration Funds,109.1922,Nippon India Low Duration Fund - Low Duration Funds,428
Nippon India Money Market Fund,102673,0.21,0.2,5.7,5.3,6.3,Money Market Funds,43.7073,Nippon India Money Market Fund - Money Market Funds,429
Nippon India Multi Cap Fund,102675,1.12,0.5,10.7,33.7,13.2,Multi Cap Funds,11.098,Nippon India Multi Cap Fund - Multi Cap Funds,430
Nippon India Pharma Fund,102676,1.17,0.5,-7.0,24.7,15.6,Sectoral / Thematic Mutual Funds,10.2894,Nippon India Pharma Fund - Sectoral / Thematic Mutual Funds,431
Nippon India Power & Infra Fund,102677,1.58,0.5,20.4,37.2,10.1,Sectoral / Thematic Mutual Funds,10.2962,Nippon India Power & Infra Fund - Sectoral / Thematic Mutual Funds,432
Nippon India Quant Fund,102751,0.54,0.5,5.0,26.9,11.9,Sectoral / Thematic Mutual Funds,177.5973,Nippon India Quant Fund - Sectoral / Thematic Mutual Funds,433
Nippon India Retirement Fund,102752,0.85,0.3,4.0,8.4,7.4,Retirement Funds,177.5973,Nippon India Retirement Fund - Retirement Funds,434
Nippon India Retirement Fund,102753,1.03,0.5,1.3,25.3,6.7,Retirement Funds,34.6174,Nippon India Retirement Fund - Retirement Funds,435
Nippon India Short Term Fund,102848,0.34,0.2,4.3,6.7,7.2,Short Duration Funds,31.5947,Nippon India Short Term Fund - Short Duration Funds,436
Nippon India Small Cap Fund,102849,0.86,0.5,8.7,47.6,16.8,Small Cap Mutual Funds,36.0221,Nippon India Small Cap Fund - Small Cap Mutual Funds,437
Nippon India Strategic Debt Fund,102851,1.4,0.5,2.7,8.3,-0.9,Medium Duration Funds,24.2292,Nippon India Strategic Debt Fund - Medium Duration Funds,438
Nippon India Tax Saver (ELSS) Fund,103048,1.18,0.5,1.8,27.3,6.5,ELSS Mutual Funds,4038.9025,Nippon India Tax Saver (ELSS) Fund - ELSS Mutual Funds,439
Nippon India USD Fund,103050,0.38,0.2,5.9,7.0,5.9,Ultra Short Duration Funds,1004.4291,Nippon India USD Fund - Ultra Short Duration Funds,440
Nippon India Value Fund,103051,1.21,0.5,0.0,30.3,12.2,Value Funds,1005.6168,Nippon India Value Fund - Value Funds,441
Nippon India Vision Fund,103052,1.55,0.5,2.1,27.4,9.3,Large & Mid Cap Funds,1020.0306,Nippon India Vision Fund - Large & Mid Cap Funds,442
Parag Parikh Flexi Cap Fund,122640,0.75,0.5,2.3,33.6,17.6,Flexi Cap Funds,77.1432,Parag Parikh Flexi Cap Fund - Flexi Cap Funds,443
PGIM India Arbitrage Fund,116484,0.33,0.0,5.3,4.5,5.2,Arbitrage Mutual Funds,1077.8234,PGIM India Arbitrage Fund - Arbitrage Mutual Funds,444
PGIM India Banking&PSU Debt Fund,116485,0.25,0.1,4.1,6.4,7.1,Banking and PSU Mutual Funds,2551.6954,PGIM India Banking&PSU Debt Fund - Banking and PSU Mutual Funds,445
PGIM India Corporate Bond Fund,120084,0.29,0.1,4.3,6.8,6.9,Corporate Bond Mutual Funds,2887.0536,PGIM India Corporate Bond Fund - Corporate Bond Mutual Funds,446
PGIM India Dynamic Bond Fund,120086,0.36,0.1,4.6,5.7,7.4,Dynamic Bond,1191.9982,PGIM India Dynamic Bond Fund - Dynamic Bond,447
PGIM India Elss Tax Saver Fund,125305,1.0,0.5,2.9,31.8,13.7,ELSS Mutual Funds,56.17,PGIM India Elss Tax Saver Fund - ELSS Mutual Funds,448
PGIM India Equity Savings Fund,125306,0.42,0.1,4.3,12.6,8.0,Equity Savings Mutual Funds,24.1,PGIM India Equity Savings Fund - Equity Savings Mutual Funds,449
PGIM India Flexi Cap Fund,133836,0.4,0.5,-2.3,34.0,15.7,Flexi Cap Funds,31.85,PGIM India Flexi Cap Fund - Flexi Cap Funds,450
PGIM India Gilt Fund,133837,0.39,0.2,4.2,5.3,7.0,Gilt Mutual Funds,20.96,PGIM India Gilt Fund - Gilt Mutual Funds,451
PGIM India Hybrid Equity Fund,133838,0.68,0.5,4.0,20.6,9.0,Aggressive Hybrid Mutual Funds,18.64,PGIM India Hybrid Equity Fund - Aggressive Hybrid Mutual Funds,452
PGIM India Large Cap Fund,133839,0.98,0.5,4.7,24.1,10.9,Large Cap Mutual Funds,37.05,PGIM India Large Cap Fund - Large Cap Mutual Funds,453
PGIM India Liquid Fund,135598,0.17,0.1,5.6,4.4,5.4,Liquid Mutual Funds,31.12,PGIM India Liquid Fund - Liquid Mutual Funds,454
PGIM India Low Duration Fund,135599,0.35,0.1,5.5,4.3,2.0,Low Duration Funds,17.81,PGIM India Low Duration Fund - Low Duration Funds,455
PGIM India Midcap Opportunities Fund,135600,0.46,0.5,2.0,42.9,19.0,Mid Cap Mutual Funds,18.8,PGIM India Midcap Opportunities Fund - Mid Cap Mutual Funds,456
PGIM India Short Duration Fund,135601,0.5,0.1,4.5,6.3,4.6,Short Duration Funds,35.42,PGIM India Short Duration Fund - Short Duration Funds,457
PGIM India Ultra Short Duration Fund,138254,0.25,0.1,5.5,5.2,7.3,Ultra Short Duration Funds,11.4385,PGIM India Ultra Short Duration Fund - Ultra Short Duration Funds,458
Quant Absolute Fund,100171,0.56,0.5,7.3,38.2,19.1,Aggressive Hybrid Mutual Funds,12.2802,Quant Absolute Fund - Aggressive Hybrid Mutual Funds,459
Quant Active Fund,100172,0.58,0.5,1.0,45.5,19.9,Multi Cap Funds,64.5152,Quant Active Fund - Multi Cap Funds,460
Quant Flexi Cap Fund,100173,0.58,0.5,6.8,47.7,18.2,Flexi Cap Funds,33.9314,Quant Flexi Cap Fund - Flexi Cap Funds,461
Quant Focused Fund,100174,0.57,0.5,5.2,33.7,13.1,Focused Funds,44.3248,Quant Focused Fund - Focused Funds,462
Quant Infrastructure Fund,100175,0.64,0.5,5.6,61.5,21.1,Sectoral / Thematic Mutual Funds,319.184,Quant Infrastructure Fund - Sectoral / Thematic Mutual Funds,463
Quant Large and Mid Cap Fund,100176,0.56,0.5,6.9,33.0,14.2,Large & Mid Cap Funds,178.4485,Quant Large and Mid Cap Fund - Large & Mid Cap Funds,464
Quant Liquid Plan – Direct Growth,100177,0.29,0.1,5.6,4.9,5.9,Liquid Mutual Funds,224.389,Quant Liquid Plan – Direct Growth - Liquid Mutual Funds,465
Quant Mid Cap Fund,100630,0.63,0.5,8.8,45.1,19.8,Mid Cap Mutual Funds,64.7127,Quant Mid Cap Fund - Mid Cap Mutual Funds,466
Quant Multi Asset Fund,100631,0.56,0.5,10.6,42.6,20.5,Multi Asset Allocation Mutual Funds,565.8536,Quant Multi Asset Fund - Multi Asset Allocation Mutual Funds,467
Quant Small Cap Fund,101065,0.64,0.5,5.4,71.4,23.2,Small Cap Mutual Funds,194.553,Quant Small Cap Fund - Small Cap Mutual Funds,468
Quant Tax Plan- Direct Growth,101066,0.57,0.5,0.9,54.9,22.2,ELSS Mutual Funds,69.1636,Quant Tax Plan- Direct Growth - ELSS Mutual Funds,469
Quantum Dynamic Bond Fund,103490,0.61,0.2,5.4,5.9,6.9,Dynamic Bond,120.44,Quantum Dynamic Bond Fund - Dynamic Bond,470
Quantum Equity Fund,103491,0.51,0.5,-0.5,22.9,9.1,FoFs Domestic,121.47,Quantum Equity Fund - FoFs Domestic,471
Quantum Gold Savings Fund,103734,0.06,0.4,14.3,11.7,13.0,FoFs Domestic,34.5197,Quantum Gold Savings Fund - FoFs Domestic,472
Quantum Liquid Fund,103735,0.15,0.0,5.4,4.0,4.9,Liquid Mutual Funds,10.0278,Quantum Liquid Fund - Liquid Mutual Funds,473
Quantum Long Term Equity Value Fund,103736,1.29,0.5,2.4,26.5,8.8,Value Funds,10.0085,Quantum Long Term Equity Value Fund - Value Funds,474
Quantum Multi Asset Fund,107693,0.1,0.3,5.5,12.4,8.1,FoFs Domestic,71.9383,Quantum Multi Asset Fund - FoFs Domestic,475
Quantum Tax Saving Fund,108479,1.29,0.5,2.9,26.6,8.9,ELSS Mutual Funds,2440.2919,Quantum Tax Saving Fund - ELSS Mutual Funds,476
SBI Arbitrage Opportunities Fund,100638,0.36,0.0,5.8,4.5,5.4,Arbitrage Mutual Funds,17.9189,SBI Arbitrage Opportunities Fund - Arbitrage Mutual Funds,477
SBI Banking & Financial Services Fund,100639,0.78,0.5,5.5,22.4,12.5,Sectoral / Thematic Mutual Funds,68.5105,SBI Banking & Financial Services Fund - Sectoral / Thematic Mutual Funds,478
SBI Banking and PSU Fund,100640,0.35,0.2,3.8,6.2,7.0,Banking and PSU Mutual Funds,41.5112,SBI Banking and PSU Fund - Banking and PSU Mutual Funds,479
SBI BlueChip Fund,100641,0.9,0.5,4.2,27.0,11.4,Large Cap Mutual Funds,5825.9928,SBI BlueChip Fund - Large Cap Mutual Funds,480
SBI Conservative Hybrid Fund,100643,0.57,0.4,6.2,13.8,8.8,Conservative Hybrid Mutual Funds,122.2456,SBI Conservative Hybrid Fund - Conservative Hybrid Mutual Funds,481
SBI Consumption Opportunities Fund,100644,1.18,0.5,11.1,31.0,12.7,Sectoral / Thematic Mutual Funds,251.4017,SBI Consumption Opportunities Fund - Sectoral / Thematic Mutual Funds,482
SBI Contra Fund,100645,0.91,0.5,15.0,43.4,15.6,Contra Funds,171.7857,SBI Contra Fund - Contra Funds,483
SBI Credit Risk Fund,100717,0.92,0.4,5.2,7.2,7.0,Credit Risk Funds,0.0,SBI Credit Risk Fund - Credit Risk Funds,484
SBI Dynamic Bond Fund,100915,0.87,0.2,5.9,5.9,7.9,Dynamic Bond,60.3467,SBI Dynamic Bond Fund - Dynamic Bond,485
SBI Equity Hybrid Fund,100917,0.79,0.5,-1.9,18.4,10.8,Aggressive Hybrid Mutual Funds,0.0,SBI Equity Hybrid Fund - Aggressive Hybrid Mutual Funds,486
SBI Equity Savings Fund,100927,0.67,0.3,2.2,14.6,8.1,Equity Savings Mutual Funds,21.0802,SBI Equity Savings Fund - Equity Savings Mutual Funds,487
SBI Flexi Cap Fund,100928,0.85,0.5,-1.0,25.2,11.0,Flexi Cap Funds,19.7927,SBI Flexi Cap Fund - Flexi Cap Funds,488
SBI Focused Equity Fund,100929,0.69,0.5,-4.9,22.0,12.2,Focused Funds,24.207,SBI Focused Equity Fund - Focused Funds,489
SBI Gold Fund,100934,0.1,0.5,14.8,11.9,13.4,FoFs Domestic,0.0,SBI Gold Fund - FoFs Domestic,490
SBI Healthcare Opportunities Fund,100968,1.09,0.5,-1.6,25.7,13.6,Sectoral / Thematic Mutual Funds,68.6262,SBI Healthcare Opportunities Fund - Sectoral / Thematic Mutual Funds,491
SBI Infrastructure Fund,100999,1.88,0.5,12.8,33.5,13.0,Sectoral / Thematic Mutual Funds,19.6821,SBI Infrastructure Fund - Sectoral / Thematic Mutual Funds,492
SBI Large & Midcap Fund,101001,0.99,0.5,6.5,30.2,13.6,Large & Mid Cap Funds,64.0072,SBI Large & Midcap Fund - Large & Mid Cap Funds,493
SBI Liquid Fund,101002,0.18,0.1,5.6,4.3,5.3,Liquid Mutual Funds,61.5466,SBI Liquid Fund - Liquid Mutual Funds,494
SBI Long Term Advantage Fund,101003,1.75,0.3,0.1,43.3,19.5,ELSS Mutual Funds,20.0171,SBI Long Term Advantage Fund - ELSS Mutual Funds,495
SBI Long Term Advantage Fund,101160,1.76,0.3,1.1,36.2,15.4,ELSS Mutual Funds,0.0,SBI Long Term Advantage Fund - ELSS Mutual Funds,496
SBI Long Term Advantage Fund,101169,1.76,0.3,0.5,35.5,14.5,ELSS Mutual Funds,104.4053,SBI Long Term Advantage Fund - ELSS Mutual Funds,497
SBI Long Term Advantage Fund,101206,1.76,0.3,1.0,36.4,14.0,ELSS Mutual Funds,4082.6027,SBI Long Term Advantage Fund - ELSS Mutual Funds,498
SBI Long Term Equity Fund,101295,1.07,0.5,8.7,30.1,11.6,ELSS Mutual Funds,67.6038,SBI Long Term Equity Fund - ELSS Mutual Funds,499
SBI Magnum Children’s Benefit Fund,101530,0.86,0.3,3.1,15.2,8.3,Childrens Funds,249.3265,SBI Magnum Children’s Benefit Fund - Childrens Funds,500
SBI Magnum Comma Fund,101551,2.03,0.5,-12.1,30.9,11.3,Sectoral / Thematic Mutual Funds,57.1279,SBI Magnum Comma Fund - Sectoral / Thematic Mutual Funds,501
SBI Magnum Equity ESG Fund,101929,1.35,0.5,-2.7,24.2,12.2,Sectoral / Thematic Mutual Funds,12.0215,SBI Magnum Equity ESG Fund - Sectoral / Thematic Mutual Funds,502
SBI Magnum Gilt Fund,101932,0.46,0.2,5.7,6.1,8.3,Gilt Mutual Funds,41.0911,SBI Magnum Gilt Fund - Gilt Mutual Funds,503
SBI Magnum Global Fund,101933,1.25,0.5,1.6,24.1,11.5,Sectoral / Thematic Mutual Funds,19.9154,SBI Magnum Global Fund - Sectoral / Thematic Mutual Funds,504
SBI Magnum Income Fund,101934,0.8,0.3,4.8,6.9,7.8,Medium to Long Duration Funds,38.3925,SBI Magnum Income Fund - Medium to Long Duration Funds,505
SBI Magnum Low Duration Fund,101935,0.4,0.2,5.2,5.6,6.4,Low Duration Funds,18.4017,SBI Magnum Low Duration Fund - Low Duration Funds,506
SBI Magnum Medium Duration Fund,101950,0.69,0.3,4.6,7.2,7.9,Medium Duration Funds,19.7755,SBI Magnum Medium Duration Fund - Medium Duration Funds,507
SBI Magnum Midcap Fund,101951,0.97,0.5,6.4,37.0,13.5,Mid Cap Mutual Funds,20.0115,SBI Magnum Midcap Fund - Mid Cap Mutual Funds,508
SBI Magnum Ultra Short Duration Fund,101952,0.31,0.1,5.2,5.1,6.1,Ultra Short Duration Funds,19.4027,SBI Magnum Ultra Short Duration Fund - Ultra Short Duration Funds,509
SBI Multi Asset Allocation Fund,102030,0.88,0.5,5.9,16.1,9.6,Multi Asset Allocation Mutual Funds,10.6671,SBI Multi Asset Allocation Fund - Multi Asset Allocation Mutual Funds,510
SBI Nifty Index Fund,102053,0.18,0.5,0.9,26.0,11.8,Index Funds,49.5601,SBI Nifty Index Fund - Index Funds,511
SBI Overnight Fund,102054,0.1,0.0,5.3,3.9,4.6,Overnight Mutual Funds,19.2109,SBI Overnight Fund - Overnight Mutual Funds,512
SBI PSU Fund,102055,1.42,0.5,16.0,26.3,7.4,Sectoral / Thematic Mutual Funds,12.5326,SBI PSU Fund - Sectoral / Thematic Mutual Funds,513
SBI Savings Fund,102056,0.23,0.2,5.5,5.3,6.2,Money Market Funds,11.1062,SBI Savings Fund - Money Market Funds,514
SBI Short Term Debt Fund,102058,0.35,0.1,4.6,6.4,6.8,Short Duration Funds,10.0325,SBI Short Term Debt Fund - Short Duration Funds,515
SBI Small Cap Fund,102061,0.7,0.5,8.2,38.3,15.3,Small Cap Mutual Funds,21.3407,SBI Small Cap Fund - Small Cap Mutual Funds,516
SBI Tax Advantage Fund,102201,1.76,0.3,1.9,41.1,21.8,ELSS Mutual Funds,11.2279,SBI Tax Advantage Fund - ELSS Mutual Funds,517
SBI Technology Opportunities Fund,102202,0.87,0.5,-8.7,37.1,21.0,Sectoral / Thematic Mutual Funds,10.9215,SBI Technology Opportunities Fund - Sectoral / Thematic Mutual Funds,518
Shriram Hybrid Equity Fund,125711,0.65,0.5,0.7,17.7,8.9,Aggressive Hybrid Mutual Funds,32.514,Shriram Hybrid Equity Fund - Aggressive Hybrid Mutual Funds,519
Sundaram Aggressive Hybrid Fund,100602,0.67,0.4,1.2,21.7,9.7,Aggressive Hybrid Mutual Funds,13.1617,Sundaram Aggressive Hybrid Fund - Aggressive Hybrid Mutual Funds,520
Sundaram Arbitrage Fund,100603,0.28,0.1,5.3,3.3,2.8,Arbitrage Mutual Funds,67.172,Sundaram Arbitrage Fund - Arbitrage Mutual Funds,521
Sundaram Balanced Advantage Fund,100604,0.62,0.3,3.9,11.9,7.2,Dynamic Asset Allocation or Balanced Advantage,22.943,Sundaram Balanced Advantage Fund - Dynamic Asset Allocation or Balanced Advantage,522
Sundaram Banking & PSU Debt Fund,100605,0.19,0.1,3.5,5.0,6.1,Banking and PSU Mutual Funds,0.0,Sundaram Banking & PSU Debt Fund - Banking and PSU Mutual Funds,523
Sundaram Consumption Fund,100606,1.46,0.5,7.3,22.5,8.8,Sectoral / Thematic Mutual Funds,0.0,Sundaram Consumption Fund - Sectoral / Thematic Mutual Funds,524
Sundaram Corporate Bond Fund,100607,0.28,0.1,4.5,6.8,7.3,Corporate Bond Mutual Funds,0.0,Sundaram Corporate Bond Fund - Corporate Bond Mutual Funds,525
Sundaram Debt Oriented Hybrid Fund,100608,1.2,0.2,4.1,11.6,6.2,Conservative Hybrid Mutual Funds,75.2476,Sundaram Debt Oriented Hybrid Fund - Conservative Hybrid Mutual Funds,526
Sundaram Diversified Equity – Direct Growth,100609,1.66,0.5,2.2,26.1,8.9,ELSS Mutual Funds,13.6062,Sundaram Diversified Equity – Direct Growth - ELSS Mutual Funds,527
Sundaram Dividend Yield Fund,100610,1.02,0.5,3.2,26.4,11.7,Dividend Yield Funds,13.3464,Sundaram Dividend Yield Fund - Dividend Yield Funds,528
Sundaram Equity Savings Fund,100611,0.54,0.2,3.9,16.8,9.9,Equity Savings Mutual Funds,14.0397,Sundaram Equity Savings Fund - Equity Savings Mutual Funds,529
Sundaram Fin Serv Opportunities – Direct Growth,100612,0.51,0.5,11.4,25.9,12.6,Sectoral / Thematic Mutual Funds,10.7271,Sundaram Fin Serv Opportunities – Direct Growth - Sectoral / Thematic Mutual Funds,530
Sundaram Focused Fund,100613,1.2,0.5,-1.8,24.5,13.1,Focused Funds,119.9317,Sundaram Focused Fund - Focused Funds,531
Sundaram Infrastructure Advantage Fund,100614,1.87,0.5,7.3,32.5,9.1,Sectoral / Thematic Mutual Funds,15.375,Sundaram Infrastructure Advantage Fund - Sectoral / Thematic Mutual Funds,532
Sundaram Large and Mid Cap Fund,100617,0.72,0.5,-1.3,25.4,11.7,Large & Mid Cap Funds,135.1375,Sundaram Large and Mid Cap Fund - Large & Mid Cap Funds,533
Sundaram Liquid Fund,100618,0.17,0.1,5.7,4.2,3.3,Liquid Mutual Funds,41.3007,Sundaram Liquid Fund - Liquid Mutual Funds,534
Sundaram Low Duration Fund,100619,0.33,0.1,5.6,4.9,1.8,Low Duration Funds,12.4716,Sundaram Low Duration Fund - Low Duration Funds,535
Sundaram LT MC Tax Advantage Fund,100620,1.22,0.5,1.4,42.8,9.5,ELSS Mutual Funds,10.0953,Sundaram LT MC Tax Advantage Fund - ELSS Mutual Funds,536
Sundaram LT MC Tax Advantage Fund,100621,1.23,0.5,3.8,44.8,9.8,ELSS Mutual Funds,11.9979,Sundaram LT MC Tax Advantage Fund - ELSS Mutual Funds,537
Sundaram LT MC Tax Advantage Fund,100622,1.26,0.5,3.5,42.3,8.6,ELSS Mutual Funds,11.1363,Sundaram LT MC Tax Advantage Fund - ELSS Mutual Funds,538
Sundaram LT Tax Advantage Fund,100623,1.2,0.5,4.0,29.2,12.5,ELSS Mutual Funds,10.291,Sundaram LT Tax Advantage Fund - ELSS Mutual Funds,539
Sundaram LT Tax Advantage Fund,100780,1.01,0.5,4.4,29.6,11.5,ELSS Mutual Funds,11.4908,Sundaram LT Tax Advantage Fund - ELSS Mutual Funds,540
Sundaram Medium Term Bond Fund,100781,1.11,0.2,2.5,5.0,5.3,Medium Duration Funds,35.6206,Sundaram Medium Term Bond Fund - Medium Duration Funds,541
Sundaram Mid Cap Fund,100782,1.04,0.5,4.3,27.4,8.2,Mid Cap Mutual Funds,10.355,Sundaram Mid Cap Fund - Mid Cap Mutual Funds,542
Sundaram Multi Cap Fund,100783,0.97,0.5,-2.2,28.1,11.0,Multi Cap Funds,12.1035,Sundaram Multi Cap Fund - Multi Cap Funds,543
Sundaram Nifty 100 Equal Weight Fund,100784,0.46,0.5,-3.1,26.2,8.2,Index Funds,41.6285,Sundaram Nifty 100 Equal Weight Fund - Index Funds,544
Sundaram Short Duration Fund,100785,0.28,0.1,4.8,6.4,4.8,Short Duration Funds,16.7156,Sundaram Short Duration Fund - Short Duration Funds,545
Sundaram Small Cap Fund,100786,1.01,0.5,1.6,44.9,9.3,Small Cap Mutual Funds,18.9357,Sundaram Small Cap Fund - Small Cap Mutual Funds,546
Sundaram Tax Savings Fund,100787,1.76,0.5,1.2,27.7,9.9,ELSS Mutual Funds,17.598,Sundaram Tax Savings Fund - ELSS Mutual Funds,547
Sundaram Ultra Short Duration Fund,100788,0.17,0.2,5.7,4.7,4.5,Ultra Short Duration Funds,17.3013,Sundaram Ultra Short Duration Fund - Ultra Short Duration Funds,548
Tata Banking & Financial Services Fund,100414,0.59,0.5,11.9,23.2,12.6,Sectoral / Thematic Mutual Funds,398.0588,Tata Banking & Financial Services Fund - Sectoral / Thematic Mutual Funds,549
Tata Digital India Fund,100415,0.31,0.5,-16.0,39.0,22.1,Sectoral / Thematic Mutual Funds,354.0317,Tata Digital India Fund - Sectoral / Thematic Mutual Funds,550
Tata Equity P/E Fund,100416,0.91,0.5,6.6,27.8,10.0,Value Funds,11.6609,Tata Equity P/E Fund - Value Funds,551
Tata Equity Saving Fund,100417,0.12,0.3,3.4,12.0,7.5,Equity Savings Mutual Funds,15.3414,Tata Equity Saving Fund - Equity Savings Mutual Funds,552
Tata Ethical Fund,100418,0.94,0.5,-1.6,27.9,13.1,Sectoral / Thematic Mutual Funds,66.614,Tata Ethical Fund - Sectoral / Thematic Mutual Funds,553
Tata Gilt Securities Fund,100474,0.9,0.1,5.2,4.8,6.9,Gilt Mutual Funds,92.175,Tata Gilt Securities Fund - Gilt Mutual Funds,554
Tata Hybrid Equity Fund,100475,1.05,0.5,6.2,22.8,10.5,Aggressive Hybrid Mutual Funds,453.2418,Tata Hybrid Equity Fund - Aggressive Hybrid Mutual Funds,555
Tata India Consumer Fund,101000,0.91,0.5,2.8,23.0,10.6,Sectoral / Thematic Mutual Funds,70.1412,Tata India Consumer Fund - Sectoral / Thematic Mutual Funds,556
Tata India Pharma & Healthcare Fund,101042,1.01,0.5,-8.1,21.7,14.8,Sectoral / Thematic Mutual Funds,75.4373,Tata India Pharma & Healthcare Fund - Sectoral / Thematic Mutual Funds,557
Tata India Tax Savings Fund,101049,0.76,0.5,2.2,26.5,12.0,ELSS Mutual Funds,20.9116,Tata India Tax Savings Fund - ELSS Mutual Funds,558
Tata Infrastructure Fund,101186,1.42,0.5,14.0,35.0,13.1,Sectoral / Thematic Mutual Funds,38.6487,Tata Infrastructure Fund - Sectoral / Thematic Mutual Funds,559
Tata Large & Mid Cap Fund,101222,0.89,0.5,8.8,33.5,14.0,Large & Mid Cap Funds,88.0479,Tata Large & Mid Cap Fund - Large & Mid Cap Funds,560
Tata Large Cap Fund,101224,1.24,0.5,1.8,25.7,11.3,Large Cap Mutual Funds,20.1116,Tata Large Cap Fund - Large Cap Mutual Funds,561
Tata Liquid Fund,101419,0.21,0.1,5.6,4.4,5.3,Liquid Mutual Funds,16.075,Tata Liquid Fund - Liquid Mutual Funds,562
Tata Mid Cap Growth Fund,101471,0.98,0.5,1.3,29.2,13.5,Mid Cap Mutual Funds,0.0,Tata Mid Cap Growth Fund - Mid Cap Mutual Funds,563
Tata Money Market Fund,101489,0.17,0.2,5.7,5.6,4.8,Money Market Funds,26.7097,Tata Money Market Fund - Money Market Funds,564
Tata Nifty 50 Index Fund,101490,0.16,0.5,1.0,25.6,12.0,Index Funds,26.7097,Tata Nifty 50 Index Fund - Index Funds,565
Tata Resources & Energy Fund,101491,0.91,0.5,-3.4,34.7,15.5,Sectoral / Thematic Mutual Funds,54.963,Tata Resources & Energy Fund - Sectoral / Thematic Mutual Funds,566
Tata Retirement Savings Fund,101547,0.68,0.5,0.5,19.3,9.4,Retirement Funds,21.0094,Tata Retirement Savings Fund - Retirement Funds,567
Tata Retirement Savings Fund,101548,0.67,0.5,-0.7,33.7,11.3,Retirement Funds,46.5216,Tata Retirement Savings Fund - Retirement Funds,568
Tata Retirement Savings Fund,101605,0.97,0.3,2.1,9.5,7.1,Retirement Funds,13.5481,Tata Retirement Savings Fund - Retirement Funds,569
Tata S&P BSE Sensex Index Fund,101606,0.27,0.5,2.4,25.1,12.8,Index Funds,15.277,Tata S&P BSE Sensex Index Fund - Index Funds,570
Tata Short Term Bond Fund,101609,0.37,0.1,4.7,6.6,5.8,Short Duration Funds,17.0577,Tata Short Term Bond Fund - Short Duration Funds,571
Tata Treasury Advantage Fund,101659,0.3,0.1,5.0,5.6,5.2,Low Duration Funds,139.5375,Tata Treasury Advantage Fund - Low Duration Funds,572
Tata Young Citizens Fund,101672,1.8,0.5,1.5,27.3,10.3,Childrens Funds,310.1554,Tata Young Citizens Fund - Childrens Funds,573
Taurus Banking & Financial Services-Direct Growth,100476,1.66,0.5,9.0,21.9,11.9,Sectoral / Thematic Mutual Funds,204.89,Taurus Banking & Financial Services-Direct Growth - Sectoral / Thematic Mutual Funds,574
Taurus Discovery (Midcap) Fund,100477,2.19,0.5,3.6,26.4,10.9,Mid Cap Mutual Funds,104.57,Taurus Discovery (Midcap) Fund - Mid Cap Mutual Funds,575
Taurus Ethical Fund,100480,1.18,0.5,-3.5,22.3,11.4,Sectoral / Thematic Mutual Funds,169.85,Taurus Ethical Fund - Sectoral / Thematic Mutual Funds,576
Taurus Flexi Cap Fund,101094,2.59,0.5,-4.1,20.2,5.4,Flexi Cap Funds,17.4362,Taurus Flexi Cap Fund - Flexi Cap Funds,577
Taurus Infrastructure Fund,101095,2.02,0.5,-0.7,25.3,8.9,Sectoral / Thematic Mutual Funds,17.8232,Taurus Infrastructure Fund - Sectoral / Thematic Mutual Funds,578
Taurus Largecap Equity Fund,101113,0.44,0.5,-2.5,19.5,7.6,Large Cap Mutual Funds,1496.218,Taurus Largecap Equity Fund - Large Cap Mutual Funds,579
Taurus Nifty 50 Index Fund,101114,0.44,0.5,1.2,25.8,12.3,Index Funds,2773.0696,Taurus Nifty 50 Index Fund - Index Funds,580
Taurus Tax Shield – Direct Growth,101209,1.73,0.5,6.8,24.4,10.6,ELSS Mutual Funds,141.49,Taurus Tax Shield – Direct Growth - ELSS Mutual Funds,581
Templeton India Equity Income Fund,100496,1.3,0.5,8.3,37.7,14.5,Dividend Yield Funds,645.8766,Templeton India Equity Income Fund - Dividend Yield Funds,582
Templeton India Value Fund,100497,0.91,0.5,13.1,39.4,12.3,Value Funds,92.4337,Templeton India Value Fund - Value Funds,583
Union Balanced Advantage Fund,115270,0.94,0.2,3.6,18.3,10.2,Dynamic Asset Allocation or Balanced Advantage,44.81,Union Balanced Advantage Fund - Dynamic Asset Allocation or Balanced Advantage,584
Union Dynamic Bond Fund,115290,1.29,0.2,2.6,4.7,6.0,Dynamic Bond,28.3,Union Dynamic Bond Fund - Dynamic Bond,585
Union Flexi Cap Fund,115398,1.06,0.5,0.6,27.7,12.9,Flexi Cap Funds,2457.9962,Union Flexi Cap Fund - Flexi Cap Funds,586
Union Largecap Fund,115399,1.8,0.5,0.1,24.3,9.9,Large Cap Mutual Funds,1002.1174,Union Largecap Fund - Large Cap Mutual Funds,587
Union Liquid Fund,115400,0.07,0.1,5.7,4.4,4.6,Liquid Mutual Funds,1002.1122,Union Liquid Fund - Liquid Mutual Funds,588
Union Long Term Equity Fund,115401,1.62,0.5,2.3,28.5,12.8,ELSS Mutual Funds,1000.7927,Union Long Term Equity Fund - ELSS Mutual Funds,589
Union Small Cap Fund,115402,1.35,0.5,-0.1,37.1,12.8,Small Cap Mutual Funds,1001.3361,Union Small Cap Fund - Small Cap Mutual Funds,590
UTI-Arbitrage Fund,100381,0.34,0.0,5.4,4.7,5.5,Arbitrage Mutual Funds,0.0,UTI-Arbitrage Fund - Arbitrage Mutual Funds,591
UTI-Banking & PSU Debt Fund,100382,0.24,0.2,11.0,7.9,5.6,Banking and PSU Mutual Funds,0.0,UTI-Banking & PSU Debt Fund - Banking and PSU Mutual Funds,592
UTI-Banking and Financial Services Fund,100646,1.39,0.5,8.2,24.4,6.7,Sectoral / Thematic Mutual Funds,39.3482,UTI-Banking and Financial Services Fund - Sectoral / Thematic Mutual Funds,593
UTI-Bond Fund,100648,1.29,0.2,12.0,10.4,4.4,Medium to Long Duration Funds,149.7263,UTI-Bond Fund - Medium to Long Duration Funds,594
UTI-CCF Investment Plan – Direct Growth,100650,1.52,0.5,-3.3,24.1,10.1,Childrens Funds,50.2667,UTI-CCF Investment Plan – Direct Growth - Childrens Funds,595
UTI-Core Equity Fund,100651,1.68,0.5,4.1,30.7,10.2,Large & Mid Cap Funds,248.274,UTI-Core Equity Fund - Large & Mid Cap Funds,596
UTI-Credit Risk Fund,100656,0.81,0.3,5.0,8.3,-0.9,Credit Risk Funds,118.9862,UTI-Credit Risk Fund - Credit Risk Funds,597
UTI-Dividend Yield Fund,100657,1.45,0.5,-1.5,26.8,11.3,Dividend Yield Funds,83.1235,UTI-Dividend Yield Fund - Dividend Yield Funds,598
UTI-Dynamic Bond Fund,100663,0.81,0.2,12.5,11.0,6.3,Dynamic Bond,77.2518,UTI-Dynamic Bond Fund - Dynamic Bond,599
UTI-Flexi Cap Fund,100664,0.9,0.5,-9.0,22.5,12.2,Flexi Cap Funds,158.5775,UTI-Flexi Cap Fund - Flexi Cap Funds,600
UTI-Gilt Fund,100668,0.67,0.2,5.0,5.0,7.3,Gilt Mutual Funds,193.2893,UTI-Gilt Fund - Gilt Mutual Funds,601
UTI-Healthcare Fund,100669,1.47,0.5,-9.0,22.0,12.0,Sectoral / Thematic Mutual Funds,292.3592,UTI-Healthcare Fund - Sectoral / Thematic Mutual Funds,602
UTI-Hybrid Equity Fund,100678,1.34,0.5,5.3,25.8,9.8,Aggressive Hybrid Mutual Funds,37.8112,UTI-Hybrid Equity Fund - Aggressive Hybrid Mutual Funds,603
UTI-India Consumer Fund,100682,1.8,0.5,-0.5,18.0,8.4,Sectoral / Thematic Mutual Funds,46.6281,UTI-India Consumer Fund - Sectoral / Thematic Mutual Funds,604
UTI-Infrastructure Fund,100684,1.92,0.5,12.9,28.0,9.4,Sectoral / Thematic Mutual Funds,370.9778,UTI-Infrastructure Fund - Sectoral / Thematic Mutual Funds,605
UTI-Liquid – Cash Plan – Direct Growth,100685,0.14,0.1,5.7,4.4,5.3,Liquid Mutual Funds,40.4081,UTI-Liquid – Cash Plan – Direct Growth - Liquid Mutual Funds,606
UTI-Long Term Equity Fund,100711,0.95,0.5,-2.9,24.5,10.9,ELSS Mutual Funds,15.56,UTI-Long Term Equity Fund - ELSS Mutual Funds,607
UTI-Mastershare – Direct Growth,100712,0.97,0.5,-2.0,24.2,11.5,Large Cap Mutual Funds,35.58,UTI-Mastershare – Direct Growth - Large Cap Mutual Funds,608
UTI-Medium Term Fund,100723,1.0,0.2,3.7,5.4,4.6,Medium Duration Funds,6934.059,UTI-Medium Term Fund - Medium Duration Funds,609
UTI-Mid Cap Fund,100724,0.99,0.5,0.4,31.1,11.4,Mid Cap Mutual Funds,3741.5017,UTI-Mid Cap Fund - Mid Cap Mutual Funds,610
UTI-MNC Fund,100725,1.24,0.5,3.3,18.1,7.9,Sectoral / Thematic Mutual Funds,2507.6677,UTI-MNC Fund - Sectoral / Thematic Mutual Funds,611
UTI-Money Market Fund,100739,0.2,0.2,5.6,5.3,6.2,Money Market Funds,179.3529,UTI-Money Market Fund - Money Market Funds,612
UTI-Multi Asset Fund,100740,1.04,0.5,4.9,16.5,7.5,Multi Asset Allocation Mutual Funds,347.8631,UTI-Multi Asset Fund - Multi Asset Allocation Mutual Funds,613
UTI-Nifty 50 Index Fund,100741,0.2,0.5,0.9,26.2,12.0,Index Funds,71.0657,UTI-Nifty 50 Index Fund - Index Funds,614
UTI-Overnight Fund,100742,0.07,0.0,5.4,3.9,4.6,Overnight Mutual Funds,18.2522,UTI-Overnight Fund - Overnight Mutual Funds,615
UTI-Regular Savings Fund,100748,1.2,0.3,3.7,13.5,7.2,Conservative Hybrid Mutual Funds,55.7412,UTI-Regular Savings Fund - Conservative Hybrid Mutual Funds,616
UTI-Retirement Benefit Pension Plan – Direct,100749,1.05,0.4,5.2,17.2,7.5,Retirement Funds,55.7412,UTI-Retirement Benefit Pension Plan – Direct - Retirement Funds,617
UTI-Short Term Income Fund,100750,0.33,0.2,5.0,8.5,5.4,Short Duration Funds,26.7177,UTI-Short Term Income Fund - Short Duration Funds,618
UTI-Transportation & Logistics Fund,100751,1.03,0.5,14.1,32.9,5.1,Sectoral / Thematic Mutual Funds,63.7164,UTI-Transportation & Logistics Fund - Sectoral / Thematic Mutual Funds,619
UTI-Treasury Advantage Fund,100800,0.33,0.1,5.2,7.3,4.8,Low Duration Funds,19.59,UTI-Treasury Advantage Fund - Low Duration Funds,620
UTI-Ultra Short Term Fund,100801,0.44,0.2,5.4,6.1,5.7,Ultra Short Duration Funds,25.6,UTI-Ultra Short Term Fund - Ultra Short Duration Funds,621
UTI-Unit Linked Insurance Plan – Direct,100802,0.96,0.3,-0.7,13.1,6.2,Dynamic Asset Allocation or Balanced Advantage,17.12,UTI-Unit Linked Insurance Plan – Direct - Dynamic Asset Allocation or Balanced Advantage,622
UTI-Value Opportunities Fund,100803,1.16,0.5,1.7,27.2,12.2,Value Funds,14.43,UTI-Value Opportunities Fund - Value Funds,623
WhiteOak Capital Overnight Fund,145963,0.22,0.0,1.7,32.4,13.3,Overnight Mutual Funds,1001.0052,WhiteOak Capital Overnight Fund - Overnight Mutual Funds,624
